ToolName,ModelName,Strength,Iteration,TimeSeconds,Size
pmedici,BOOLC_31,2,3,1.91,36
iposolver,UNIFORM_ALL_18,2,1,0.07,216
cagen,UNIFORM_BOOLEAN_2,2,2,0.0,10
appts,MCAC_39,2,2,3.08,7
cagen,MCAC_19,2,3,0.02,345
pmedici,UNIFORM_BOOLEAN_33,2,1,1.93,17
appts,MCA_21,2,1,39.52,1554
iposolver,UNIFORM_ALL_3,2,2,0.03,219
appts,UNIFORM_ALL_49,2,2,74.63,161
appts,BOOLC_18,2,2,10.12,5
cagen,UNIFORM_ALL_43,2,2,0.01,405
cagen,UNIFORM_ALL_16,2,2,0.0,12
pmedici,UNIFORM_BOOLEAN_37,2,3,1.85,17
appts,MCA_25,2,3,42.63,1960
pmedici,UNIFORM_ALL_34,2,2,1.97,44
appts,UNIFORM_BOOLEAN_21,2,2,10.82,6
pmedici,BOOLC_35,2,1,1.85,33
iposolver,UNIFORM_ALL_49,2,3,0.05,208
cagen,MCAC_48,2,1,19.13,1641
pmedici,BOOLC_36,2,3,1.97,41
cagen,UNIFORM_BOOLEAN_5,2,2,0.0,10
appts,MCA_26,2,1,49.67,2209
pmedici,UNIFORM_BOOLEAN_34,2,1,2.04,21
iposolver,UNIFORM_ALL_4,2,2,0.04,321
iposolver,MCA_18,2,3,0.0,46
iposolver,UNIFORM_BOOLEAN_29,2,2,0.0,4
appts,MCA_22,2,3,19.89,120
iposolver,MCA_8,2,1,0.0,20
pmedici,UNIFORM_BOOLEAN_30,2,3,1.9,13
cagen,UNIFORM_ALL_44,2,2,0.0,78
cagen,UNIFORM_ALL_11,2,2,0.0,121
appts,UNIFORM_BOOLEAN_9,2,2,6.38,4
pmedici,UNIFORM_ALL_33,2,2,5.0,568
iposolver,MCA_49,2,1,0.11,1102
appts,UNIFORM_BOOLEAN_26,2,2,12.31,6
pmedici,BOOLC_32,2,1,1.95,38
cagen,UNIFORM_ALL_34,2,3,0.0,40
pmedici,UNIFORM_BOOLEAN_15,2,2,1.77,12
pmedici,UNIFORM_BOOLEAN_40,2,2,1.88,17
pmedici,UNIFORM_ALL_43,2,3,9.33,661
pmedici,UNIFORM_ALL_16,2,3,1.85,14
cagen,UNIFORM_BOOLEAN_19,2,3,0.0,10
cagen,BOOLC_18,2,3,0.15,5
appts,MCA_2,2,3,25.41,94
pmedici,BOOLC_6,2,3,2.02,38
cagen,UNIFORM_ALL_5,2,2,0.0,147
cagen,BOOLC_49,2,1,0.0,5
pmedici,BOOLC_46,2,2,1.93,37
appts,MCA_6,2,1,46.59,2200
pmedici,MCAC_27,2,2,3.08,214
pmedici,BOOLC_13,2,2,1.88,38
pmedici,BOOLC_2,2,1,2.03,33
pmedici,MCA_21,2,2,29.31,2341
cagen,UNIFORM_ALL_30,2,1,0.0,121
pmedici,UNIFORM_ALL_47,2,1,8.45,708
cagen,UNIFORM_BOOLEAN_48,2,1,0.0,10
pmedici,UNIFORM_ALL_12,2,1,1.92,19
pmedici,UNIFORM_BOOLEAN_12,2,2,1.85,19
pmedici,UNIFORM_BOOLEAN_47,2,2,1.9,18
cagen,UNIFORM_ALL_33,2,3,0.01,334
appts,BOOLC_39,2,1,12.2,6
pmedici,UNIFORM_ALL_44,2,3,2.2,111
cagen,MCA_29,2,2,0.03,1934
pmedici,UNIFORM_ALL_11,2,3,2.84,312
appts,MCA_5,2,3,45.79,1987
iposolver,UNIFORM_ALL_39,2,2,0.18,471
appts,MCAC_18,2,1,4.81,1
pmedici,BOOLC_1,2,3,1.94,35
cagen,UNIFORM_ALL_2,2,2,0.01,352
appts,MCAC_49,2,3,48.46,1421
pmedici,BOOLC_41,2,2,2.02,28
appts,MCA_1,2,1,6.08,4
pmedici,BOOLC_14,2,2,1.89,32
pmedici,MCAC_20,2,2,1.97,8
pmedici,MCA_26,2,2,56.06,3980
pmedici,BOOLC_5,2,1,1.99,22
cagen,MCA_9,2,2,0.02,2350
cagen,UNIFORM_ALL_37,2,1,0.0,225
appts,UNIFORM_ALL_39,2,3,196.47,382
pmedici,UNIFORM_ALL_40,2,1,11.22,932
pmedici,UNIFORM_ALL_15,2,1,1.81,16
pmedici,BOOLC_27,2,1,1.91,34
pmedici,MCAC_13,2,1,4.45,478
cagen,BOOLC_28,2,2,0.0,10
appts,UNIFORM_BOOLEAN_33,2,2,13.72,8
pmedici,MCAC_46,2,1,300.09,0
pmedici,MCA_15,2,1,36.56,2935
pmedici,MCA_40,2,1,1.97,120
pmedici,UNIFORM_BOOLEAN_25,2,3,1.92,4
appts,MCA_37,2,3,35.27,975
cagen,UNIFORM_BOOLEAN_29,2,2,0.0,4
pmedici,UNIFORM_ALL_26,2,2,2.34,197
pmedici,UNIFORM_BOOLEAN_21,2,1,1.91,15
appts,MCA_33,2,1,26.83,205
pmedici,MCAC_17,2,3,2.01,51
pmedici,BOOLC_23,2,3,2.03,23
pmedici,MCAC_42,2,3,65.6,1871
pmedici,MCA_11,2,3,10.28,1999
pmedici,MCA_44,2,3,21.99,3826
pmedici,MCAC_14,2,1,5.66,1054
pmedici,BOOLC_20,2,1,2.03,35
appts,MCAC_9,2,3,55.9,2200
appts,UNIFORM_BOOLEAN_34,2,2,13.56,8
pmedici,MCAC_41,2,1,44.68,3141
pmedici,MCA_12,2,1,18.8,2566
pmedici,MCA_47,2,1,2.33,379
appts,MCA_30,2,3,12.12,12
pmedici,UNIFORM_BOOLEAN_22,2,3,1.88,28
pmedici,UNIFORM_ALL_21,2,2,2.17,242
cagen,MCA_19,2,3,0.01,1813
appts,MCA_34,2,1,42.19,1680
pmedici,UNIFORM_BOOLEAN_26,2,1,1.86,20
cagen,MCA_48,2,1,0.0,1312
pmedici,BOOLC_24,2,3,1.88,18
pmedici,MCAC_10,2,3,14.57,1851
pmedici,MCAC_45,2,3,7.77,1676
pmedici,MCA_16,2,3,2.0,12
appts,BOOLC_9,2,1,15.28,9
pmedici,MCA_43,2,3,15.69,2723
cagen,UNIFORM_ALL_22,2,1,0.01,361
appts,BOOLC_28,2,3,13.48,7
pmedici,UNIFORM_BOOLEAN_5,2,1,2.14,22
iposolver,UNIFORM_BOOLEAN_6,2,1,0.0,9
pmedici,UNIFORM_ALL_6,2,2,2.03,205
appts,UNIFORM_BOOLEAN_40,2,1,10.2,6
pmedici,MCAC_35,2,2,300.11,0
appts,UNIFORM_BOOLEAN_15,2,1,12.36,8
cagen,MCAC_29,2,2,300.0,0
pmedici,MCA_33,2,2,1.95,205
appts,UNIFORM_BOOLEAN_44,2,3,11.33,6
appts,UNIFORM_BOOLEAN_11,2,3,13.09,6
iposolver,UNIFORM_BOOLEAN_2,2,3,0.0,11
cagen,BOOLC_8,2,3,0.0,8
cagen,MCAC_5,2,2,61.5,2172
appts,MCA_15,2,2,45.29,1980
appts,MCA_40,2,2,25.89,120
cagen,UNIFORM_ALL_26,2,3,0.0,107
pmedici,UNIFORM_BOOLEAN_1,2,3,1.87,12
appts,UNIFORM_ALL_28,2,1,72.2,140
iposolver,UNIFORM_BOOLEAN_48,2,1,0.0,9
cagen,UNIFORM_ALL_25,2,1,0.0,15
pmedici,UNIFORM_BOOLEAN_2,2,1,1.97,15
iposolver,MCA_28,2,2,0.02,1318
appts,UNIFORM_BOOLEAN_47,2,1,11.34,6
pmedici,MCAC_32,2,2,80.53,289
appts,UNIFORM_BOOLEAN_12,2,1,14.34,7
pmedici,UNIFORM_ALL_1,2,2,22.4,1356
iposolver,UNIFORM_BOOLEAN_1,2,1,0.0,4
pmedici,MCA_34,2,2,9.92,1905
iposolver,UNIFORM_BOOLEAN_5,2,3,0.0,9
appts,UNIFORM_BOOLEAN_43,2,3,14.14,8
appts,UNIFORM_BOOLEAN_16,2,3,12.76,6
cagen,MCAC_2,2,2,0.03,1664
cagen,UNIFORM_ALL_21,2,3,0.0,156
appts,MCA_12,2,2,40.17,1596
iposolver,UNIFORM_BOOLEAN_19,2,3,0.0,9
appts,MCA_47,2,2,29.0,378
pmedici,UNIFORM_BOOLEAN_6,2,3,1.77,9
cagen,UNIFORM_BOOLEAN_18,2,2,0.0,8
pmedici,UNIFORM_ALL_17,2,2,1.9,44
iposolver,MCA_38,2,1,0.11,2166
pmedici,UNIFORM_ALL_42,2,2,2.06,256
pmedici,UNIFORM_BOOLEAN_41,2,3,1.91,13
pmedici,UNIFORM_BOOLEAN_14,2,3,1.76,17
cagen,UNIFORM_ALL_35,2,2,0.01,361
cagen,UNIFORM_ALL_4,2,3,0.0,308
pmedici,BOOLC_7,2,2,2.17,38
pmedici,MCA_24,2,1,34.38,2861
cagen,BOOLC_19,2,2,247.45,15
appts,MCA_3,2,2,48.4,2100
pmedici,BOOLC_16,2,1,2.04,34
pmedici,MCAC_22,2,1,229.29,2609
pmedici,BOOLC_43,2,1,2.03,39
pmedici,MCA_20,2,3,11.08,2179
pmedici,MCA_9,2,1,58.8,4423
cagen,UNIFORM_ALL_0,2,1,0.0,220
pmedici,MCAC_26,2,3,9.69,2096
pmedici,BOOLC_12,2,3,1.98,32
pmedici,BOOLC_47,2,3,2.07,39
pmedici,UNIFORM_BOOLEAN_45,2,1,1.87,19
pmedici,UNIFORM_BOOLEAN_10,2,1,1.87,24
pmedici,UNIFORM_ALL_10,2,2,1.89,22
cagen,MCA_28,2,3,0.01,1300
pmedici,UNIFORM_ALL_45,2,2,11.45,1144
cagen,UNIFORM_ALL_32,2,2,0.0,121
pmedici,UNIFORM_BOOLEAN_46,2,3,1.87,16
pmedici,UNIFORM_BOOLEAN_13,2,3,1.91,18
cagen,MCAC_39,2,1,0.01,7
pmedici,MCA_23,2,1,3.21,924
cagen,UNIFORM_ALL_3,2,3,0.0,121
pmedici,BOOLC_0,2,2,1.89,41
iposolver,UNIFORM_ALL_38,2,3,0.01,401
appts,MCA_4,2,2,43.73,1599
pmedici,MCAC_25,2,1,300.07,0
pmedici,BOOLC_11,2,1,1.95,14
pmedici,BOOLC_44,2,1,2.04,38
cagen,UNIFORM_ALL_7,2,1,0.0,40
pmedici,MCA_27,2,3,2.42,705
pmedici,BOOLC_15,2,3,1.93,37
pmedici,MCAC_21,2,3,16.95,1078
pmedici,BOOLC_40,2,3,1.89,37
appts,MCAC_48,2,2,41.92,1636
appts,UNIFORM_ALL_38,2,2,28.49,361
pmedici,UNIFORM_BOOLEAN_42,2,1,1.97,16
pmedici,UNIFORM_BOOLEAN_17,2,1,1.85,4
cagen,MCA_8,2,3,0.0,20
cagen,MCAC_18,2,2,0.02,1
appts,MCAC_38,2,3,300.19,-1
cagen,UNIFORM_BOOLEAN_3,2,3,0.0,10
appts,UNIFORM_BOOLEAN_24,2,1,15.39,8
pmedici,BOOLC_30,2,2,2.03,37
appts,BOOLC_19,2,3,38.5,10
appts,UNIFORM_ALL_48,2,3,13.92,25
pmedici,UNIFORM_ALL_31,2,1,1.94,12
iposolver,UNIFORM_ALL_2,2,3,0.12,385
cagen,UNIFORM_ALL_13,2,1,0.0,48
cagen,UNIFORM_ALL_46,2,1,0.0,12
appts,UNIFORM_ALL_19,2,1,32.34,65
iposolver,UNIFORM_ALL_6,2,1,0.0,151
pmedici,UNIFORM_ALL_35,2,3,25.29,1250
appts,BOOLC_48,2,1,14.44,7
appts,MCA_24,2,2,45.91,2064
pmedici,UNIFORM_BOOLEAN_36,2,2,1.94,18
cagen,UNIFORM_ALL_17,2,3,0.0,25
cagen,UNIFORM_ALL_42,2,3,0.0,256
iposolver,UNIFORM_ALL_48,2,2,0.0,32
cagen,UNIFORM_BOOLEAN_7,2,1,0.0,8
appts,UNIFORM_BOOLEAN_20,2,3,8.91,5
cagen,UNIFORM_BOOLEAN_4,2,3,0.0,8
cagen,BOOLC_38,2,1,0.0,9
appts,UNIFORM_BOOLEAN_23,2,1,13.75,8
pmedici,BOOLC_37,2,2,1.96,2
iposolver,MCA_19,2,2,0.15,1894
cagen,UNIFORM_BOOLEAN_39,2,1,0.0,10
iposolver,UNIFORM_ALL_5,2,3,0.01,158
pmedici,UNIFORM_ALL_36,2,1,3.36,418
cagen,UNIFORM_ALL_14,2,1,0.0,169
cagen,UNIFORM_ALL_41,2,1,0.0,23
pmedici,UNIFORM_ALL_32,2,3,2.21,238
iposolver,UNIFORM_ALL_1,2,1,0.46,803
appts,UNIFORM_BOOLEAN_8,2,3,5.99,4
cagen,UNIFORM_ALL_10,2,3,0.0,9
cagen,UNIFORM_ALL_45,2,3,0.01,626
pmedici,UNIFORM_BOOLEAN_31,2,2,1.96,13
appts,MCA_23,2,2,35.21,924
iposolver,UNIFORM_BOOLEAN_28,2,3,0.0,6
cagen,UNIFORM_BOOLEAN_0,2,1,0.0,8
appts,UNIFORM_BOOLEAN_27,2,3,9.51,6
appts,BOOLC_29,2,2,10.5,6
cagen,MCA_39,2,1,0.0,222
appts,MCA_45,2,1,10.2,6
appts,MCA_10,2,1,44.46,1850
cagen,MCAC_0,2,1,300.0,0
pmedici,MCA_32,2,3,6.56,1692
cagen,MCAC_28,2,3,0.0,4
pmedici,MCAC_34,2,3,169.24,120
iposolver,UNIFORM_ALL_29,2,1,0.18,320
pmedici,UNIFORM_ALL_7,2,3,2.1,54
pmedici,MCA_36,2,1,12.56,2155
cagen,MCAC_4,2,3,0.02,1363
cagen,BOOLC_9,2,2,0.06,13
iposolver,UNIFORM_BOOLEAN_3,2,2,0.0,9
pmedici,UNIFORM_ALL_3,2,1,2.97,334
pmedici,MCAC_30,2,1,64.32,4492
appts,UNIFORM_BOOLEAN_10,2,2,13.01,8
appts,UNIFORM_BOOLEAN_45,2,2,10.27,6
pmedici,UNIFORM_BOOLEAN_0,2,2,1.99,14
cagen,UNIFORM_ALL_27,2,2,0.0,462
appts,MCA_41,2,3,43.44,1813
appts,MCA_14,2,3,38.15,1540
iposolver,MCA_29,2,3,0.43,1922
appts,MCA_42,2,1,35.66,1040
appts,MCA_17,2,1,29.44,480
cagen,MCAC_7,2,1,0.0,46
pmedici,MCA_35,2,3,17.25,2715
pmedici,UNIFORM_ALL_0,2,3,3.72,306
pmedici,MCAC_33,2,3,300.1,0
pmedici,MCA_31,2,1,2.3,539
cagen,MCAC_3,2,3,0.0,98
pmedici,MCAC_37,2,1,2.02,17
appts,UNIFORM_BOOLEAN_17,2,2,6.4,4
appts,UNIFORM_BOOLEAN_42,2,2,14.01,8
pmedici,UNIFORM_ALL_4,2,1,3.84,517
iposolver,UNIFORM_BOOLEAN_4,2,2,0.0,9
pmedici,UNIFORM_BOOLEAN_7,2,2,1.8,12
pmedici,MCAC_8,2,1,300.1,0
appts,MCA_46,2,3,34.31,918
iposolver,UNIFORM_BOOLEAN_18,2,2,0.0,7
appts,MCA_13,2,3,44.9,1911
cagen,UNIFORM_ALL_20,2,2,0.01,678
appts,UNIFORM_BOOLEAN_32,2,3,7.27,4
cagen,BOOLC_29,2,3,0.0,7
pmedici,UNIFORM_ALL_27,2,3,5.55,841
cagen,UNIFORM_BOOLEAN_28,2,3,0.0,6
appts,MCA_36,2,2,41.64,1776
pmedici,UNIFORM_BOOLEAN_24,2,2,1.97,15
pmedici,UNIFORM_ALL_23,2,1,8.0,865
iposolver,UNIFORM_BOOLEAN_39,2,1,0.0,11
pmedici,MCA_45,2,2,1.86,17
pmedici,MCA_10,2,2,10.96,2342
pmedici,MCAC_43,2,2,300.1,0
pmedici,MCAC_16,2,2,118.88,5685
pmedici,BOOLC_22,2,2,2.03,37
appts,UNIFORM_BOOLEAN_36,2,1,14.49,8
appts,UNIFORM_BOOLEAN_35,2,3,13.99,7
appts,MCAC_8,2,2,107.42,1435
appts,MCAC_29,2,1,25.77,1891
cagen,MCA_18,2,2,0.0,46
pmedici,UNIFORM_ALL_20,2,3,15.82,1271
pmedici,UNIFORM_BOOLEAN_23,2,2,1.97,12
appts,MCA_31,2,2,31.16,539
pmedici,UNIFORM_ALL_24,2,1,6.43,678
appts,UNIFORM_ALL_8,2,1,34.82,348
pmedici,MCA_42,2,2,7.82,1128
pmedici,MCA_17,2,2,3.02,517
pmedici,MCAC_44,2,2,2.04,86
pmedici,BOOLC_25,2,2,2.06,34
pmedici,MCAC_11,2,2,2.83,135
appts,UNIFORM_BOOLEAN_31,2,1,11.69,6
cagen,MCA_49,2,1,0.01,1103
appts,MCA_35,2,1,47.77,2162
pmedici,UNIFORM_BOOLEAN_27,2,1,1.89,12
appts,BOOLC_8,2,1,12.55,6
pmedici,MCA_42,2,3,7.96,1098
pmedici,MCA_17,2,3,3.23,515
pmedici,MCAC_44,2,3,1.86,86
pmedici,MCAC_11,2,3,2.62,133
pmedici,BOOLC_25,2,3,2.02,33
pmedici,MCA_46,2,1,6.58,1044
pmedici,MCA_13,2,1,21.04,2309
pmedici,MCAC_40,2,1,2.05,100
appts,UNIFORM_BOOLEAN_35,2,2,13.4,7
appts,MCAC_8,2,3,103.82,1435
pmedici,BOOLC_21,2,1,1.91,29
pmedici,MCAC_15,2,1,300.14,0
cagen,MCA_18,2,3,0.0,46
pmedici,UNIFORM_ALL_20,2,2,16.85,1275
appts,MCA_31,2,3,31.83,539
pmedici,UNIFORM_BOOLEAN_23,2,3,1.97,16
pmedici,UNIFORM_BOOLEAN_20,2,1,1.91,20
appts,MCA_32,2,1,41.3,1628
pmedici,MCA_45,2,3,1.76,20
pmedici,MCA_10,2,3,11.28,2311
pmedici,MCAC_43,2,3,300.13,0
pmedici,BOOLC_22,2,3,1.91,41
pmedici,MCAC_16,2,3,123.45,5791
pmedici,MCA_41,2,1,30.6,2510
pmedici,MCA_14,2,1,6.56,1619
pmedici,MCAC_47,2,1,1.94,33
cagen,BOOLC_29,2,2,0.0,7
appts,UNIFORM_BOOLEAN_32,2,2,5.96,4
pmedici,MCAC_12,2,1,1.91,81
pmedici,BOOLC_26,2,1,1.98,29
cagen,UNIFORM_BOOLEAN_28,2,2,0.0,6
pmedici,UNIFORM_ALL_27,2,2,5.29,814
pmedici,UNIFORM_BOOLEAN_24,2,3,1.84,14
appts,MCA_36,2,3,40.92,1776
cagen,MCAC_3,2,2,0.0,98
appts,UNIFORM_BOOLEAN_17,2,3,6.11,4
appts,UNIFORM_BOOLEAN_42,2,3,13.7,8
iposolver,UNIFORM_BOOLEAN_4,2,3,0.0,9
pmedici,UNIFORM_BOOLEAN_7,2,3,1.88,24
appts,MCA_46,2,2,35.33,918
iposolver,UNIFORM_BOOLEAN_18,2,3,0.0,7
appts,MCA_13,2,2,43.85,1911
cagen,UNIFORM_ALL_20,2,3,0.02,678
iposolver,MCA_29,2,2,0.43,1922
pmedici,UNIFORM_BOOLEAN_3,2,1,1.94,22
cagen,UNIFORM_ALL_24,2,1,0.01,387
iposolver,UNIFORM_BOOLEAN_49,2,1,0.0,11
pmedici,MCA_35,2,2,17.17,2690
iposolver,UNIFORM_BOOLEAN_0,2,1,0.0,9
pmedici,UNIFORM_ALL_0,2,2,3.64,309
appts,UNIFORM_BOOLEAN_13,2,1,13.65,7
pmedici,MCAC_33,2,2,300.12,0
appts,UNIFORM_BOOLEAN_46,2,1,13.04,7
cagen,MCAC_4,2,2,0.02,1363
cagen,BOOLC_9,2,3,0.06,13
iposolver,UNIFORM_BOOLEAN_3,2,3,0.0,9
appts,UNIFORM_BOOLEAN_10,2,3,14.1,8
appts,UNIFORM_BOOLEAN_45,2,3,10.84,6
appts,UNIFORM_ALL_29,2,1,76.73,260
pmedici,UNIFORM_BOOLEAN_0,2,3,1.93,17
cagen,UNIFORM_ALL_27,2,3,0.0,462
appts,MCA_41,2,2,43.93,1813
appts,MCA_14,2,2,40.09,1540
pmedici,UNIFORM_BOOLEAN_4,2,1,1.94,16
appts,BOOLC_29,2,3,11.06,6
cagen,UNIFORM_ALL_23,2,1,0.01,289
cagen,MCAC_28,2,2,0.0,4
pmedici,MCA_32,2,2,6.51,1696
appts,UNIFORM_BOOLEAN_14,2,1,13.06,7
pmedici,MCAC_34,2,2,169.17,119
appts,UNIFORM_BOOLEAN_41,2,1,12.94,6
pmedici,UNIFORM_ALL_7,2,2,2.15,54
iposolver,UNIFORM_BOOLEAN_7,2,1,0.0,7
pmedici,UNIFORM_ALL_32,2,2,2.08,246
iposolver,MCA_48,2,1,0.03,1312
appts,UNIFORM_BOOLEAN_8,2,2,6.07,4
cagen,UNIFORM_ALL_10,2,2,0.0,9
cagen,UNIFORM_ALL_45,2,2,0.01,626
iposolver,MCA_9,2,1,0.4,2585
appts,MCA_23,2,3,35.37,924
pmedici,UNIFORM_BOOLEAN_31,2,3,1.86,18
iposolver,UNIFORM_BOOLEAN_28,2,2,0.0,6
pmedici,BOOLC_33,2,1,2.01,35
appts,UNIFORM_BOOLEAN_27,2,2,10.65,6
cagen,UNIFORM_BOOLEAN_4,2,2,0.0,8
pmedici,BOOLC_37,2,3,1.94,2
iposolver,MCA_19,2,3,0.15,1894
iposolver,UNIFORM_ALL_5,2,2,0.01,158
appts,MCA_27,2,1,33.14,705
pmedici,UNIFORM_BOOLEAN_35,2,1,1.84,15
pmedici,UNIFORM_ALL_35,2,2,24.56,1263
pmedici,UNIFORM_BOOLEAN_36,2,3,1.91,16
appts,MCA_24,2,3,44.1,2064
cagen,UNIFORM_ALL_17,2,2,0.0,25
cagen,UNIFORM_ALL_42,2,2,0.0,256
cagen,MCAC_49,2,1,0.02,1429
iposolver,UNIFORM_ALL_48,2,3,0.0,32
pmedici,BOOLC_34,2,1,2.0,36
appts,UNIFORM_BOOLEAN_20,2,2,7.48,5
cagen,MCAC_18,2,3,0.01,1
appts,MCAC_38,2,2,300.14,-1
cagen,UNIFORM_BOOLEAN_3,2,2,0.0,10
pmedici,BOOLC_30,2,3,1.96,38
iposolver,UNIFORM_ALL_19,2,1,0.03,87
appts,BOOLC_19,2,2,40.99,10
appts,UNIFORM_ALL_48,2,2,14.58,25
iposolver,UNIFORM_ALL_2,2,2,0.12,385
pmedici,UNIFORM_BOOLEAN_32,2,1,1.91,12
appts,MCA_20,2,1,40.0,1680
pmedici,BOOLC_4,2,1,2.0,36
pmedici,MCA_27,2,2,2.43,705
pmedici,MCAC_21,2,2,16.79,1067
pmedici,BOOLC_15,2,2,1.91,39
appts,MCA_0,2,1,21.63,115
pmedici,BOOLC_40,2,2,1.98,41
appts,MCAC_48,2,3,40.66,1636
pmedici,UNIFORM_ALL_14,2,1,2.36,321
pmedici,UNIFORM_ALL_41,2,1,1.94,30
appts,UNIFORM_ALL_38,2,3,28.72,361
cagen,UNIFORM_ALL_36,2,1,0.0,169
cagen,MCA_8,2,2,0.0,20
pmedici,UNIFORM_ALL_10,2,3,1.96,15
appts,BOOLC_38,2,1,2.28,8
cagen,MCA_28,2,2,0.0,1300
pmedici,UNIFORM_ALL_45,2,3,11.08,1160
cagen,UNIFORM_ALL_32,2,3,0.0,121
pmedici,UNIFORM_BOOLEAN_46,2,2,2.04,12
pmedici,UNIFORM_BOOLEAN_13,2,2,1.85,16
cagen,UNIFORM_ALL_3,2,2,0.0,121
pmedici,BOOLC_0,2,3,2.01,39
appts,MCAC_19,2,1,3.34,345
appts,MCA_4,2,3,42.5,1599
iposolver,UNIFORM_ALL_38,2,2,0.01,401
pmedici,MCA_20,2,2,11.81,2178
pmedici,BOOLC_3,2,1,2.07,38
pmedici,BOOLC_12,2,2,1.94,33
pmedici,MCAC_26,2,2,9.84,2097
appts,MCA_7,2,1,31.3,572
pmedici,BOOLC_47,2,2,2.1,41
cagen,BOOLC_48,2,1,0.05,10
pmedici,UNIFORM_ALL_13,2,1,1.78,67
pmedici,UNIFORM_ALL_46,2,1,2.07,16
cagen,UNIFORM_BOOLEAN_49,2,1,0.0,12
cagen,UNIFORM_ALL_31,2,1,0.0,10
pmedici,UNIFORM_ALL_17,2,3,1.87,40
cagen,UNIFORM_BOOLEAN_18,2,3,0.0,8
pmedici,UNIFORM_ALL_42,2,3,2.0,256
pmedici,UNIFORM_BOOLEAN_41,2,2,1.84,11
pmedici,UNIFORM_BOOLEAN_14,2,2,2.02,14
cagen,UNIFORM_ALL_35,2,3,0.01,361
cagen,UNIFORM_ALL_4,2,2,0.0,308
pmedici,BOOLC_7,2,3,1.94,37
appts,MCA_3,2,3,46.94,2100
cagen,BOOLC_19,2,3,247.74,15
iposolver,UNIFORM_BOOLEAN_5,2,2,0.0,9
pmedici,UNIFORM_ALL_5,2,1,2.37,231
appts,UNIFORM_BOOLEAN_43,2,2,13.76,8
appts,UNIFORM_BOOLEAN_16,2,2,11.57,6
pmedici,MCAC_36,2,1,80.66,1907
cagen,MCAC_2,2,3,0.02,1664
pmedici,MCA_30,2,1,1.88,12
cagen,UNIFORM_ALL_21,2,2,0.0,156
appts,MCA_12,2,3,40.09,1596
iposolver,UNIFORM_BOOLEAN_19,2,2,0.0,9
appts,MCA_47,2,3,29.36,378
pmedici,MCAC_9,2,1,9.27,2308
pmedici,UNIFORM_BOOLEAN_6,2,2,1.91,25
appts,MCA_16,2,1,6.28,4
appts,MCA_43,2,1,41.6,1880
iposolver,MCA_28,2,3,0.03,1318
pmedici,MCAC_32,2,3,79.62,293
pmedici,UNIFORM_ALL_1,2,3,21.53,1355
pmedici,MCA_34,2,3,9.57,1881
cagen,MCAC_6,2,1,30.21,718
appts,UNIFORM_BOOLEAN_44,2,2,11.9,6
appts,UNIFORM_BOOLEAN_11,2,2,12.63,6
pmedici,MCAC_31,2,1,300.15,0
pmedici,UNIFORM_ALL_2,2,1,5.75,590
iposolver,UNIFORM_BOOLEAN_2,2,2,0.0,11
cagen,BOOLC_8,2,2,0.0,8
cagen,MCAC_5,2,3,61.54,2172
pmedici,MCA_37,2,1,10.25,1363
appts,MCA_15,2,3,46.8,1980
appts,MCA_40,2,3,25.11,120
cagen,UNIFORM_ALL_26,2,2,0.0,107
pmedici,UNIFORM_BOOLEAN_1,2,2,2.08,10
appts,MCA_11,2,1,43.91,1935
appts,MCA_44,2,1,47.62,2450
appts,BOOLC_28,2,2,13.03,7
cagen,MCA_38,2,1,0.01,2105
pmedici,UNIFORM_ALL_6,2,3,2.2,203
pmedici,MCAC_35,2,3,300.12,0
iposolver,UNIFORM_ALL_28,2,1,0.06,183
pmedici,MCA_33,2,3,2.15,205
cagen,MCAC_1,2,1,0.04,24
cagen,MCAC_29,2,3,300.0,0
appts,UNIFORM_ALL_9,2,1,43.3,108
pmedici,UNIFORM_ALL_25,2,1,1.92,20
appts,UNIFORM_BOOLEAN_30,2,1,13.16,7
pmedici,MCAC_10,2,2,14.61,1876
pmedici,BOOLC_24,2,2,1.89,18
pmedici,MCAC_45,2,2,8.1,1716
pmedici,MCA_16,2,2,1.86,12
pmedici,MCA_43,2,2,16.83,2696
appts,MCAC_28,2,1,6.48,4
appts,MCAC_9,2,2,52.69,2200
appts,UNIFORM_BOOLEAN_34,2,3,14.51,8
pmedici,UNIFORM_BOOLEAN_22,2,2,2.01,13
appts,MCA_30,2,2,11.83,12
pmedici,UNIFORM_ALL_21,2,3,2.26,248
cagen,MCA_19,2,2,0.01,1813
iposolver,UNIFORM_BOOLEAN_38,2,1,0.0,9
pmedici,UNIFORM_ALL_22,2,1,19.24,1237
appts,UNIFORM_BOOLEAN_37,2,1,14.04,8
pmedici,BOOLC_23,2,2,2.07,24
pmedici,MCAC_17,2,2,1.84,45
pmedici,MCAC_42,2,2,67.93,1904
pmedici,MCA_11,2,2,9.2,2000
pmedici,MCA_44,2,2,20.33,3805
appts,UNIFORM_BOOLEAN_33,2,3,14.1,8
cagen,BOOLC_28,2,3,0.0,10
appts,MCA_37,2,2,34.58,975
pmedici,UNIFORM_BOOLEAN_25,2,2,1.94,4
pmedici,UNIFORM_ALL_26,2,3,2.26,190
cagen,UNIFORM_BOOLEAN_29,2,3,0.0,4
appts,MCAC_49,2,2,48.93,1421
pmedici,BOOLC_41,2,3,2.12,29
pmedici,MCAC_20,2,3,1.87,8
pmedici,BOOLC_14,2,3,1.99,35
pmedici,MCA_26,2,3,54.44,4004
cagen,UNIFORM_ALL_6,2,1,0.0,121
cagen,MCA_9,2,3,0.03,2350
pmedici,UNIFORM_BOOLEAN_16,2,1,1.97,12
pmedici,UNIFORM_BOOLEAN_43,2,1,1.93,13
appts,UNIFORM_ALL_39,2,2,138.8,385
pmedici,UNIFORM_BOOLEAN_12,2,3,1.8,30
pmedici,UNIFORM_BOOLEAN_47,2,3,1.93,14
cagen,UNIFORM_ALL_33,2,2,0.01,334
pmedici,UNIFORM_ALL_44,2,2,2.08,110
cagen,MCA_29,2,3,0.03,1934
pmedici,UNIFORM_ALL_11,2,2,2.96,316
pmedici,BOOLC_45,2,1,1.97,37
iposolver,UNIFORM_ALL_39,2,3,0.22,471
pmedici,BOOLC_10,2,1,1.94,38
pmedici,MCAC_24,2,1,12.43,1792
appts,MCA_5,2,2,43.89,1988
pmedici,BOOLC_1,2,2,1.95,35
cagen,UNIFORM_ALL_2,2,3,0.01,352
cagen,MCAC_38,2,1,300.0,0
pmedici,MCA_22,2,1,1.96,120
pmedici,BOOLC_46,2,3,1.84,37
pmedici,BOOLC_13,2,3,1.88,38
pmedici,MCAC_27,2,3,3.28,211
cagen,UNIFORM_ALL_1,2,1,0.02,727
pmedici,MCA_8,2,1,1.91,27
pmedici,MCA_21,2,3,30.08,2399
pmedici,UNIFORM_BOOLEAN_11,2,1,1.91,11
pmedici,UNIFORM_BOOLEAN_44,2,1,1.91,12
cagen,UNIFORM_ALL_34,2,2,0.0,40
pmedici,UNIFORM_BOOLEAN_15,2,3,1.97,12
pmedici,UNIFORM_BOOLEAN_40,2,3,1.87,8
iposolver,MCA_39,2,1,0.0,222
pmedici,UNIFORM_ALL_43,2,2,9.74,667
cagen,UNIFORM_BOOLEAN_19,2,2,0.0,10
pmedici,UNIFORM_ALL_16,2,2,1.86,16
pmedici,BOOLC_42,2,1,1.98,35
pmedici,MCAC_23,2,1,2.58,63
pmedici,BOOLC_17,2,1,1.92,43
appts,MCA_2,2,2,24.56,94
cagen,BOOLC_18,2,2,0.15,5
pmedici,MCA_25,2,1,10.8,2306
pmedici,BOOLC_6,2,2,2.12,36
cagen,UNIFORM_ALL_5,2,3,0.0,147
iposolver,UNIFORM_BOOLEAN_29,2,3,0.0,4
pmedici,UNIFORM_BOOLEAN_30,2,2,1.87,11
appts,MCA_22,2,2,19.92,120
cagen,UNIFORM_ALL_44,2,3,0.0,78
cagen,UNIFORM_ALL_11,2,3,0.0,121
appts,UNIFORM_BOOLEAN_9,2,3,6.32,4
iposolver,UNIFORM_ALL_0,2,1,0.06,219
pmedici,UNIFORM_ALL_33,2,3,5.03,569
appts,UNIFORM_BOOLEAN_26,2,3,11.73,6
cagen,UNIFORM_BOOLEAN_1,2,1,0.0,4
pmedici,BOOLC_36,2,2,1.94,39
cagen,BOOLC_39,2,1,0.0,7
appts,UNIFORM_BOOLEAN_22,2,1,10.28,6
cagen,UNIFORM_BOOLEAN_5,2,3,0.0,10
cagen,UNIFORM_ALL_40,2,1,0.01,289
cagen,UNIFORM_ALL_15,2,1,0.0,16
cagen,UNIFORM_BOOLEAN_38,2,1,0.0,10
pmedici,UNIFORM_ALL_37,2,1,1.9,225
iposolver,UNIFORM_ALL_4,2,3,0.03,321
iposolver,MCA_18,2,2,0.0,46
cagen,UNIFORM_ALL_43,2,3,0.01,405
cagen,UNIFORM_ALL_16,2,3,0.0,12
appts,MCA_25,2,2,42.69,1960
pmedici,UNIFORM_BOOLEAN_37,2,2,1.75,15
pmedici,UNIFORM_ALL_34,2,3,1.88,40
iposolver,UNIFORM_ALL_7,2,1,0.01,38
appts,BOOLC_49,2,1,7.98,5
appts,UNIFORM_ALL_18,2,1,97.44,169
appts,UNIFORM_BOOLEAN_21,2,3,10.79,6
iposolver,UNIFORM_ALL_49,2,2,0.05,208
cagen,UNIFORM_BOOLEAN_6,2,1,0.0,10
pmedici,BOOLC_31,2,2,2.08,35
appts,UNIFORM_BOOLEAN_25,2,1,6.27,4
cagen,UNIFORM_BOOLEAN_2,2,3,0.0,10
appts,MCAC_39,2,3,3.15,7
cagen,MCAC_19,2,2,0.02,345
cagen,UNIFORM_ALL_47,2,1,0.01,417
cagen,UNIFORM_ALL_12,2,1,0.0,12
iposolver,UNIFORM_ALL_3,2,3,0.03,219
pmedici,UNIFORM_ALL_30,2,1,3.02,325
appts,UNIFORM_ALL_49,2,3,124.22,161
appts,BOOLC_18,2,3,9.71,5
pmedici,MCA_6,2,3,36.96,3466
cagen,MCAC_35,2,1,0.66,2386
cagen,BOOLC_47,2,2,300.0,0
pmedici,BOOLC_48,2,1,2.05,35
appts,MCA_8,2,2,13.87,20
cagen,BOOLC_12,2,2,0.48,4
pmedici,MCAC_29,2,1,44.4,2156
iposolver,UNIFORM_ALL_34,2,3,0.0,31
iposolver,MCA_33,2,1,0.0,205
cagen,UNIFORM_BOOLEAN_46,2,2,0.0,10
cagen,MCA_24,2,3,0.02,2076
pmedici,UNIFORM_ALL_49,2,2,3.15,301
cagen,UNIFORM_BOOLEAN_13,2,2,0.0,10
cagen,MCA_0,2,1,0.0,115
appts,BOOLC_30,2,2,56.65,8
iposolver,MCA_37,2,3,0.13,1031
appts,UNIFORM_ALL_34,2,2,20.11,25
cagen,MCA_20,2,1,0.01,1681
cagen,MCA_4,2,3,0.01,1606
cagen,MCAC_31,2,3,300.01,0
pmedici,MCA_2,2,1,1.98,94
appts,MCAC_44,2,2,24.92,86
appts,MCAC_11,2,2,12.91,110
pmedici,BOOLC_19,2,3,2.01,39
iposolver,UNIFORM_ALL_30,2,1,0.03,209
cagen,MCAC_32,2,1,300.0,0
pmedici,MCA_28,2,1,4.59,1432
cagen,UNIFORM_ALL_8,2,3,0.0,378
pmedici,MCA_1,2,3,1.9,4
cagen,BOOLC_40,2,2,0.0,11
iposolver,UNIFORM_ALL_33,2,3,0.07,360
cagen,BOOLC_15,2,2,0.0,11
cagen,MCA_23,2,3,0.0,924
iposolver,MCA_34,2,1,0.04,1680
cagen,UNIFORM_BOOLEAN_41,2,2,0.0,8
cagen,UNIFORM_BOOLEAN_14,2,2,0.0,10
cagen,MCA_7,2,1,0.0,572
cagen,UNIFORM_ALL_39,2,2,0.01,443
pmedici,UNIFORM_BOOLEAN_18,2,3,1.87,17
appts,UNIFORM_ALL_33,2,2,108.95,293
cagen,MCA_27,2,1,0.0,705
appts,BOOLC_37,2,2,5.26,2
iposolver,MCA_30,2,3,0.0,12
pmedici,UNIFORM_BOOLEAN_49,2,1,1.97,16
cagen,MCA_3,2,3,0.01,2110
pmedici,MCA_5,2,1,47.9,3949
cagen,MCAC_36,2,3,0.03,1602
iposolver,UNIFORM_ALL_37,2,1,0.0,225
appts,MCAC_43,2,2,300.15,937
appts,MCAC_16,2,2,300.15,2431
appts,UNIFORM_ALL_43,2,3,178.72,355
iposolver,UNIFORM_ALL_9,2,3,0.03,133
iposolver,MCA_40,2,2,0.0,120
appts,BOOLC_47,2,3,44.15,9
cagen,UNIFORM_BOOLEAN_35,2,1,0.0,10
appts,UNIFORM_ALL_16,2,3,14.69,8
iposolver,MCA_15,2,2,0.26,2060
appts,BOOLC_12,2,3,10.7,4
appts,UNIFORM_BOOLEAN_0,2,1,12.19,6
cagen,UNIFORM_ALL_18,2,1,0.0,211
iposolver,UNIFORM_BOOLEAN_20,2,1,0.0,6
iposolver,MCA_1,2,2,0.0,4
cagen,MCAC_13,2,2,0.0,326
cagen,MCAC_46,2,2,0.7,1452
appts,MCAC_33,2,3,300.28,2214
cagen,BOOLC_34,2,1,19.23,11
cagen,UNIFORM_BOOLEAN_8,2,3,0.0,4
iposolver,UNIFORM_ALL_16,2,2,0.0,11
cagen,BOOLC_30,2,3,300.0,0
iposolver,UNIFORM_ALL_43,2,2,0.29,438
appts,MCAC_37,2,1,4.85,6
appts,UNIFORM_BOOLEAN_4,2,3,11.43,6
appts,UNIFORM_ALL_47,2,1,183.7,370
cagen,UNIFORM_BOOLEAN_31,2,3,0.0,8
appts,BOOLC_43,2,1,34.58,8
appts,UNIFORM_ALL_12,2,1,13.84,8
appts,BOOLC_16,2,1,4.23,7
iposolver,UNIFORM_BOOLEAN_24,2,3,0.0,11
cagen,UNIFORM_ALL_49,2,3,0.0,211
appts,UNIFORM_BOOLEAN_7,2,1,11.76,6
iposolver,MCA_47,2,2,0.01,378
cagen,UNIFORM_BOOLEAN_32,2,1,0.0,4
appts,BOOLC_40,2,3,13.47,8
appts,UNIFORM_ALL_44,2,3,37.56,60
iposolver,MCA_12,2,2,0.1,1712
appts,BOOLC_15,2,3,11.62,8
appts,UNIFORM_ALL_11,2,3,25.84,121
iposolver,UNIFORM_BOOLEAN_27,2,1,0.0,7
iposolver,MCA_6,2,2,0.31,2340
cagen,MCAC_14,2,2,0.04,989
cagen,MCAC_41,2,2,1.23,2379
appts,UNIFORM_BOOLEAN_28,2,1,8.12,5
cagen,BOOLC_33,2,1,52.72,10
appts,MCAC_34,2,3,90.21,64
appts,MCAC_30,2,1,55.29,2256
cagen,BOOLC_37,2,3,0.0,2
iposolver,UNIFORM_ALL_11,2,2,0.02,209
iposolver,UNIFORM_ALL_44,2,2,0.02,79
appts,BOOLC_44,2,1,13.99,6
cagen,UNIFORM_BOOLEAN_36,2,3,0.0,12
pmedici,UNIFORM_ALL_39,2,3,9.2,743
appts,UNIFORM_ALL_40,2,1,43.35,289
appts,BOOLC_11,2,1,5.55,2
appts,UNIFORM_ALL_15,2,1,12.6,16
appts,UNIFORM_BOOLEAN_3,2,3,13.63,7
iposolver,UNIFORM_BOOLEAN_23,2,3,0.0,11
appts,MCA_28,2,2,38.5,1300
pmedici,MCA_39,2,3,2.03,223
cagen,MCAC_23,2,3,0.05,33
iposolver,UNIFORM_ALL_22,2,1,0.39,731
iposolver,MCA_25,2,3,0.05,1960
appts,BOOLC_22,2,2,15.82,8
appts,UNIFORM_ALL_26,2,2,41.46,97
cagen,MCA_32,2,1,0.01,1628
pmedici,MCAC_0,2,3,19.61,1090
iposolver,MCA_21,2,1,0.23,1565
pmedici,MCAC_4,2,1,41.48,2022
cagen,MCA_36,2,3,0.01,1776
iposolver,UNIFORM_BOOLEAN_41,2,2,0.0,9
iposolver,UNIFORM_BOOLEAN_14,2,2,0.0,9
cagen,MCAC_27,2,1,0.08,210
cagen,BOOLC_2,2,2,0.0,10
pmedici,UNIFORM_ALL_8,2,1,3.46,665
iposolver,UNIFORM_BOOLEAN_8,2,2,0.0,4
iposolver,UNIFORM_ALL_26,2,3,0.01,136
cagen,MCAC_24,2,3,0.02,1702
iposolver,UNIFORM_ALL_25,2,1,0.0,18
pmedici,MCAC_38,2,3,92.26,26
appts,UNIFORM_ALL_21,2,2,27.85,144
cagen,MCA_35,2,1,0.02,2164
pmedici,MCAC_7,2,3,1.96,57
iposolver,MCA_22,2,3,0.0,120
appts,BOOLC_25,2,2,10.92,5
appts,MCA_49,2,1,36.79,1102
pmedici,MCAC_3,2,1,1.89,100
cagen,MCA_31,2,3,0.0,539
iposolver,MCA_26,2,1,0.33,2370
appts,MCA_18,2,3,17.04,46
iposolver,UNIFORM_BOOLEAN_46,2,2,0.0,9
iposolver,UNIFORM_BOOLEAN_13,2,2,0.0,9
cagen,MCAC_20,2,1,0.01,4
cagen,MCAC_8,2,3,0.5,1448
appts,UNIFORM_BOOLEAN_49,2,2,14.94,8
iposolver,UNIFORM_ALL_21,2,3,0.0,160
cagen,BOOLC_5,2,2,0.19,1
cagen,MCA_41,2,2,0.02,1825
cagen,UNIFORM_BOOLEAN_23,2,3,0.0,12
cagen,MCA_14,2,2,0.01,1540
appts,UNIFORM_ALL_0,2,3,89.38,173
iposolver,UNIFORM_BOOLEAN_36,2,3,0.0,11
appts,BOOLC_0,2,2,3.07,8
appts,MCAC_25,2,1,300.15,1860
cagen,BOOLC_22,2,3,0.04,12
appts,UNIFORM_BOOLEAN_39,2,3,14.34,8
appts,MCAC_4,2,2,52.45,1360
pmedici,BOOLC_29,2,2,1.88,34
cagen,BOOLC_26,2,1,0.0,6
pmedici,MCAC_48,2,2,11.99,2054
appts,MCAC_21,2,3,81.35,931
pmedici,UNIFORM_ALL_28,2,1,3.02,249
cagen,UNIFORM_BOOLEAN_27,2,1,0.0,8
iposolver,UNIFORM_BOOLEAN_32,2,1,0.0,4
appts,UNIFORM_ALL_4,2,1,69.1,266
cagen,UNIFORM_BOOLEAN_24,2,3,0.0,12
cagen,MCA_46,2,2,0.01,920
cagen,MCA_13,2,2,0.02,1922
iposolver,UNIFORM_BOOLEAN_31,2,3,0.0,9
pmedici,UNIFORM_BOOLEAN_28,2,2,1.83,8
appts,UNIFORM_ALL_7,2,3,42.11,30
appts,BOOLC_7,2,2,13.58,8
cagen,BOOLC_25,2,3,0.0,5
appts,MCAC_3,2,2,27.95,98
appts,MCAC_22,2,1,300.14,1836
pmedici,MCA_49,2,2,5.21,1133
appts,MCAC_26,2,3,300.12,2072
cagen,BOOLC_21,2,1,0.0,6
cagen,UNIFORM_BOOLEAN_20,2,1,0.0,6
appts,UNIFORM_ALL_3,2,1,26.45,121
iposolver,UNIFORM_BOOLEAN_35,2,1,0.0,9
pmedici,UNIFORM_BOOLEAN_38,2,1,1.89,14
iposolver,MCA_0,2,3,0.0,115
appts,BOOLC_13,2,2,2.72,7
iposolver,MCA_14,2,3,0.02,1540
appts,UNIFORM_ALL_17,2,2,14.68,25
appts,BOOLC_46,2,2,13.9,7
iposolver,MCA_41,2,3,0.22,1867
iposolver,UNIFORM_ALL_8,2,2,0.02,404
appts,UNIFORM_ALL_42,2,2,24.43,256
cagen,UNIFORM_BOOLEAN_9,2,2,0.0,4
iposolver,UNIFORM_ALL_46,2,1,0.0,11
iposolver,UNIFORM_ALL_13,2,1,0.0,52
appts,MCAC_32,2,2,205.8,276
cagen,MCAC_47,2,3,0.0,6
cagen,MCAC_12,2,3,0.0,77
iposolver,UNIFORM_ALL_42,2,3,0.0,256
cagen,BOOLC_31,2,2,0.8,6
iposolver,UNIFORM_ALL_17,2,3,0.0,32
cagen,MCAC_43,2,1,300.0,0
cagen,MCAC_16,2,1,0.05,2545
cagen,UNIFORM_ALL_48,2,2,0.0,25
iposolver,MCA_4,2,1,0.13,1599
iposolver,UNIFORM_BOOLEAN_25,2,2,0.0,4
iposolver,MCA_10,2,1,0.12,1877
iposolver,MCA_45,2,1,0.0,6
cagen,UNIFORM_BOOLEAN_30,2,2,0.0,10
appts,UNIFORM_BOOLEAN_5,2,2,12.26,7
iposolver,MCA_7,2,3,0.02,602
appts,UNIFORM_ALL_10,2,2,11.12,9
appts,BOOLC_14,2,2,11.75,6
iposolver,MCA_13,2,3,0.16,1911
appts,UNIFORM_ALL_45,2,2,198.59,561
appts,BOOLC_41,2,2,10.4,4
iposolver,MCA_46,2,3,0.08,948
appts,MCAC_35,2,2,167.43,2352
iposolver,UNIFORM_ALL_41,2,1,0.01,25
iposolver,UNIFORM_ALL_14,2,1,0.01,225
cagen,MCAC_40,2,3,0.01,85
cagen,MCAC_15,2,3,300.0,0
iposolver,UNIFORM_ALL_45,2,3,0.15,679
iposolver,UNIFORM_ALL_10,2,3,0.0,10
cagen,BOOLC_36,2,2,0.0,10
pmedici,BOOLC_39,2,1,1.94,35
cagen,MCAC_44,2,1,0.0,86
cagen,MCAC_11,2,1,29.22,110
iposolver,MCA_3,2,1,0.13,2190
appts,MCA_29,2,3,45.89,1920
iposolver,UNIFORM_BOOLEAN_22,2,2,0.0,7
appts,UNIFORM_BOOLEAN_2,2,2,14.28,8
iposolver,MCA_17,2,1,0.03,480
pmedici,UNIFORM_ALL_38,2,2,2.55,504
iposolver,MCA_42,2,1,0.1,1064
cagen,UNIFORM_BOOLEAN_37,2,2,0.0,12
appts,MCAC_14,2,1,39.18,989
appts,MCAC_41,2,1,300.15,2209
iposolver,UNIFORM_ALL_35,2,2,0.65,774
appts,MCA_9,2,3,48.27,2350
cagen,BOOLC_13,2,3,0.0,7
cagen,BOOLC_46,2,3,0.0,7
pmedici,MCA_7,2,2,3.43,725
cagen,UNIFORM_BOOLEAN_12,2,3,0.0,10
pmedici,UNIFORM_ALL_48,2,3,2.03,38
appts,UNIFORM_ALL_31,2,1,12.12,7
cagen,MCA_25,2,2,0.01,1965
cagen,UNIFORM_BOOLEAN_47,2,3,0.0,8
appts,BOOLC_35,2,1,10.4,6
cagen,MCA_5,2,2,0.02,2022
pmedici,UNIFORM_ALL_19,2,1,2.22,113
cagen,UNIFORM_BOOLEAN_16,2,1,0.0,8
appts,UNIFORM_ALL_35,2,3,51.36,361
iposolver,MCA_36,2,2,0.07,1776
appts,BOOLC_31,2,3,13.42,5
cagen,UNIFORM_BOOLEAN_43,2,1,0.0,10
cagen,BOOLC_17,2,1,0.09,10
pmedici,BOOLC_18,2,2,1.98,29
cagen,BOOLC_42,2,1,0.02,6
appts,MCAC_10,2,3,197.96,1480
appts,MCAC_45,2,3,66.57,1473
pmedici,BOOLC_9,2,1,1.91,43
cagen,MCAC_30,2,2,0.02,2286
cagen,BOOLC_14,2,3,0.0,6
iposolver,UNIFORM_ALL_32,2,2,0.01,164
cagen,BOOLC_41,2,3,0.01,6
appts,MCAC_13,2,1,33.88,324
appts,MCAC_46,2,1,71.62,1443
pmedici,MCA_0,2,2,1.91,115
cagen,UNIFORM_ALL_9,2,2,0.0,135
pmedici,UNIFORM_BOOLEAN_19,2,2,1.89,14
cagen,UNIFORM_ALL_38,2,3,0.0,361
cagen,UNIFORM_BOOLEAN_15,2,3,0.0,10
appts,BOOLC_32,2,1,2.47,9
cagen,UNIFORM_BOOLEAN_40,2,3,0.0,6
appts,UNIFORM_ALL_36,2,1,25.74,169
cagen,MCA_22,2,2,0.0,120
cagen,MCA_2,2,2,0.0,94
cagen,UNIFORM_BOOLEAN_11,2,1,0.0,10
iposolver,MCA_31,2,2,0.0,539
cagen,UNIFORM_BOOLEAN_44,2,1,0.0,8
appts,BOOLC_36,2,3,14.16,7
appts,UNIFORM_ALL_32,2,3,20.58,121
appts,MCAC_17,2,3,17.07,37
appts,MCAC_42,2,3,300.17,1335
cagen,BOOLC_10,2,1,0.0,9
cagen,BOOLC_45,2,1,0.0,10
cagen,MCAC_37,2,2,0.1,6
iposolver,UNIFORM_BOOLEAN_37,2,2,0.0,11
appts,UNIFORM_ALL_1,2,2,171.77,662
cagen,MCA_15,2,3,0.02,1991
cagen,UNIFORM_BOOLEAN_22,2,2,0.0,8
cagen,MCA_40,2,3,0.0,120
pmedici,MCAC_18,2,1,1.98,3
appts,MCAC_5,2,3,159.01,2161
appts,UNIFORM_BOOLEAN_38,2,2,13.01,7
cagen,BOOLC_23,2,2,0.01,1
appts,BOOLC_1,2,3,12.31,7
appts,MCAC_20,2,2,3.08,4
pmedici,MCAC_49,2,3,57.86,1710
appts,MCAC_1,2,1,5.46,24
pmedici,BOOLC_28,2,3,1.86,38
appts,BOOLC_5,2,1,3.95,1
appts,MCA_38,2,1,44.41,2100
cagen,MCA_11,2,1,0.01,1939
cagen,MCA_44,2,1,0.01,2450
appts,UNIFORM_ALL_6,2,2,21.19,121
pmedici,UNIFORM_BOOLEAN_29,2,3,1.82,12
iposolver,UNIFORM_BOOLEAN_30,2,2,0.0,9
cagen,MCA_12,2,3,0.01,1618
cagen,MCA_47,2,3,0.0,378
cagen,UNIFORM_BOOLEAN_25,2,2,0.0,4
appts,MCAC_2,2,3,42.46,1656
cagen,BOOLC_24,2,2,0.0,4
appts,BOOLC_6,2,3,14.16,11
pmedici,MCA_19,2,1,25.86,2566
appts,MCAC_6,2,1,201.07,700
appts,MCAC_27,2,2,73.99,210
appts,BOOLC_2,2,1,13.28,7
pmedici,MCA_48,2,3,4.84,1313
cagen,MCA_16,2,1,0.0,4
cagen,MCA_43,2,1,0.01,1881
cagen,BOOLC_7,2,1,0.02,10
cagen,MCAC_22,2,2,300.0,0
pmedici,MCA_38,2,2,22.03,2578
cagen,UNIFORM_ALL_29,2,1,0.01,324
iposolver,UNIFORM_BOOLEAN_11,2,1,0.0,9
iposolver,UNIFORM_BOOLEAN_44,2,1,0.0,9
pmedici,MCAC_1,2,2,2.56,61
appts,UNIFORM_ALL_27,2,3,50.55,406
appts,BOOLC_23,2,3,2.75,1
iposolver,MCA_24,2,2,0.32,2064
iposolver,UNIFORM_BOOLEAN_15,2,3,0.0,11
iposolver,UNIFORM_BOOLEAN_40,2,3,0.0,6
appts,UNIFORM_ALL_23,2,1,35.13,289
cagen,MCA_37,2,2,0.01,987
appts,BOOLC_27,2,1,14.01,6
iposolver,UNIFORM_ALL_27,2,2,0.05,488
iposolver,UNIFORM_BOOLEAN_9,2,3,0.0,4
cagen,BOOLC_3,2,3,0.0,7
pmedici,MCAC_39,2,2,1.91,34
appts,UNIFORM_BOOLEAN_19,2,1,13.07,7
cagen,BOOLC_0,2,1,0.02,9
cagen,MCAC_25,2,2,300.01,0
iposolver,UNIFORM_BOOLEAN_16,2,1,0.0,9
iposolver,UNIFORM_BOOLEAN_43,2,1,0.0,11
pmedici,UNIFORM_BOOLEAN_9,2,1,2.01,12
appts,BOOLC_24,2,3,7.12,4
iposolver,MCA_23,2,2,0.01,924
pmedici,MCAC_6,2,2,300.1,0
appts,UNIFORM_ALL_20,2,3,211.55,614
iposolver,UNIFORM_BOOLEAN_12,2,3,0.0,9
iposolver,UNIFORM_BOOLEAN_47,2,3,0.0,9
appts,MCA_19,2,2,41.22,1813
appts,BOOLC_20,2,1,13.39,8
appts,UNIFORM_ALL_24,2,1,138.01,342
cagen,MCA_30,2,2,0.0,12
cagen,BOOLC_4,2,3,0.02,11
iposolver,UNIFORM_ALL_20,2,2,0.27,745
appts,UNIFORM_BOOLEAN_48,2,3,13.61,7
cagen,MCAC_9,2,2,0.01,2200
iposolver,UNIFORM_BOOLEAN_12,2,2,0.0,9
iposolver,UNIFORM_BOOLEAN_47,2,2,0.0,9
appts,MCA_19,2,3,43.01,1813
cagen,MCA_30,2,3,0.0,12
pmedici,MCAC_2,2,1,21.67,2411
iposolver,MCA_27,2,1,0.01,705
cagen,BOOLC_4,2,2,0.02,11
iposolver,UNIFORM_ALL_20,2,3,0.24,745
appts,UNIFORM_BOOLEAN_48,2,2,13.73,7
cagen,MCAC_21,2,1,294.91,931
cagen,MCAC_9,2,3,0.02,2200
iposolver,UNIFORM_ALL_24,2,1,0.08,424
pmedici,MCAC_39,2,3,1.94,32
cagen,MCAC_25,2,3,300.01,0
appts,MCA_48,2,1,37.19,1312
pmedici,MCAC_6,2,3,300.1,0
appts,UNIFORM_ALL_20,2,2,150.92,614
cagen,MCA_34,2,1,0.01,1680
appts,BOOLC_24,2,2,7.01,4
iposolver,MCA_23,2,3,0.01,924
iposolver,UNIFORM_BOOLEAN_15,2,2,0.0,11
iposolver,UNIFORM_BOOLEAN_40,2,2,0.0,6
iposolver,MCA_20,2,1,0.06,1704
cagen,MCA_37,2,3,0.01,987
pmedici,MCAC_5,2,1,46.72,2769
iposolver,UNIFORM_ALL_27,2,3,0.04,488
iposolver,UNIFORM_BOOLEAN_9,2,2,0.0,4
pmedici,UNIFORM_ALL_9,2,1,2.62,182
cagen,BOOLC_3,2,2,0.0,7
cagen,MCAC_26,2,1,300.0,0
iposolver,UNIFORM_ALL_23,2,1,0.13,513
pmedici,MCA_38,2,3,23.12,2616
cagen,MCAC_22,2,3,300.0,0
appts,BOOLC_23,2,2,2.74,1
iposolver,MCA_24,2,3,0.32,2064
pmedici,MCAC_1,2,3,2.58,63
appts,UNIFORM_ALL_27,2,2,40.37,406
cagen,MCA_33,2,1,0.0,205
cagen,BOOLC_20,2,1,0.0,10
appts,MCAC_27,2,3,75.9,210
pmedici,MCA_48,2,2,4.72,1314
iposolver,UNIFORM_BOOLEAN_34,2,1,0.0,11
appts,UNIFORM_ALL_2,2,1,117.26,311
cagen,UNIFORM_BOOLEAN_21,2,1,0.0,8
appts,UNIFORM_ALL_6,2,3,21.0,121
pmedici,UNIFORM_BOOLEAN_29,2,2,1.79,12
iposolver,UNIFORM_BOOLEAN_30,2,3,0.0,9
cagen,MCA_12,2,2,0.01,1618
cagen,UNIFORM_BOOLEAN_25,2,3,0.0,4
cagen,MCA_47,2,2,0.0,378
appts,MCAC_23,2,1,8.15,33
appts,MCAC_2,2,2,42.99,1656
cagen,BOOLC_24,2,3,0.0,4
appts,BOOLC_6,2,2,16.15,11
appts,MCAC_20,2,3,3.04,4
pmedici,MCAC_49,2,2,59.37,1710
cagen,BOOLC_27,2,1,0.0,9
pmedici,BOOLC_28,2,2,1.91,36
appts,UNIFORM_ALL_5,2,1,42.84,124
iposolver,UNIFORM_BOOLEAN_33,2,1,0.0,11
pmedici,UNIFORM_ALL_29,2,1,6.08,475
cagen,UNIFORM_BOOLEAN_26,2,1,0.0,8
iposolver,UNIFORM_BOOLEAN_37,2,3,0.0,11
appts,UNIFORM_ALL_1,2,3,300.14,662
cagen,MCA_15,2,2,0.02,1991
cagen,MCA_40,2,2,0.0,120
cagen,UNIFORM_BOOLEAN_22,2,3,0.0,8
appts,MCAC_5,2,2,163.52,2161
cagen,BOOLC_23,2,3,0.01,1
appts,UNIFORM_BOOLEAN_38,2,3,13.58,7
appts,MCAC_24,2,1,44.59,1702
appts,BOOLC_1,2,2,12.38,7
cagen,MCA_2,2,3,0.0,94
pmedici,UNIFORM_BOOLEAN_48,2,1,1.99,23
appts,UNIFORM_ALL_32,2,2,21.02,121
cagen,MCA_26,2,1,0.02,2217
iposolver,MCA_31,2,3,0.0,539
appts,BOOLC_36,2,2,14.45,7
appts,MCAC_17,2,2,18.18,37
appts,MCAC_42,2,2,300.14,1335
iposolver,UNIFORM_ALL_36,2,1,0.02,267
cagen,MCAC_37,2,3,0.13,6
pmedici,MCA_4,2,1,9.48,1901
iposolver,UNIFORM_ALL_32,2,3,0.01,164
cagen,BOOLC_14,2,2,0.0,6
cagen,BOOLC_41,2,2,0.01,6
pmedici,MCA_0,2,3,1.99,115
cagen,UNIFORM_ALL_9,2,3,0.0,135
cagen,MCAC_33,2,1,300.01,0
pmedici,MCA_29,2,1,35.28,2168
pmedici,UNIFORM_BOOLEAN_19,2,3,1.93,15
cagen,UNIFORM_ALL_38,2,2,0.0,361
cagen,MCA_6,2,1,0.02,2205
cagen,UNIFORM_BOOLEAN_15,2,2,0.0,10
cagen,MCA_22,2,3,0.0,120
cagen,UNIFORM_BOOLEAN_40,2,2,0.0,6
iposolver,MCA_35,2,1,0.2,2234
cagen,MCA_5,2,3,0.02,2022
iposolver,MCA_36,2,3,0.07,1776
appts,BOOLC_31,2,2,13.97,5
appts,UNIFORM_ALL_35,2,2,50.02,361
cagen,MCA_21,2,1,0.02,1556
pmedici,BOOLC_18,2,3,1.96,27
iposolver,UNIFORM_ALL_31,2,1,0.0,9
appts,MCAC_10,2,2,189.28,1480
appts,MCAC_45,2,2,97.89,1473
pmedici,MCA_3,2,1,30.17,3145
cagen,MCAC_30,2,3,0.03,2286
pmedici,MCAC_28,2,1,1.98,10
cagen,BOOLC_13,2,2,0.0,7
appts,MCA_9,2,2,47.53,2350
iposolver,UNIFORM_ALL_35,2,3,0.64,774
pmedici,BOOLC_49,2,1,1.94,11
cagen,BOOLC_46,2,2,0.0,7
cagen,MCAC_34,2,1,300.0,0
pmedici,MCA_7,2,3,3.57,730
cagen,MCA_1,2,1,0.0,4
cagen,UNIFORM_BOOLEAN_12,2,2,0.0,10
cagen,UNIFORM_BOOLEAN_47,2,2,0.0,8
iposolver,MCA_32,2,1,0.03,1628
pmedici,UNIFORM_ALL_48,2,2,1.76,44
cagen,MCA_25,2,3,0.01,1965
iposolver,UNIFORM_ALL_45,2,2,0.12,679
cagen,BOOLC_36,2,3,0.0,10
iposolver,UNIFORM_ALL_10,2,2,0.0,10
appts,MCAC_31,2,1,300.38,2264
appts,MCA_29,2,2,44.08,1920
iposolver,UNIFORM_BOOLEAN_22,2,3,0.0,7
appts,UNIFORM_BOOLEAN_2,2,3,14.03,8
appts,BOOLC_10,2,1,11.6,6
appts,UNIFORM_ALL_14,2,1,23.67,169
cagen,UNIFORM_BOOLEAN_37,2,3,0.0,12
appts,BOOLC_45,2,1,2.84,11
appts,UNIFORM_ALL_41,2,1,21.38,17
pmedici,UNIFORM_ALL_38,2,3,2.49,501
iposolver,MCA_7,2,2,0.02,602
iposolver,UNIFORM_BOOLEAN_26,2,1,0.0,7
appts,BOOLC_14,2,3,13.11,6
iposolver,MCA_13,2,2,0.16,1911
appts,UNIFORM_ALL_10,2,3,11.45,9
appts,BOOLC_41,2,3,10.33,4
cagen,UNIFORM_BOOLEAN_33,2,1,0.0,10
iposolver,MCA_46,2,2,0.08,948
appts,UNIFORM_ALL_45,2,3,100.56,561
appts,UNIFORM_BOOLEAN_6,2,1,13.38,7
appts,MCAC_35,2,3,79.56,2352
appts,UNIFORM_BOOLEAN_29,2,1,5.98,4
cagen,BOOLC_32,2,1,0.0,9
cagen,MCAC_40,2,2,0.01,85
cagen,MCAC_15,2,2,300.0,0
appts,MCAC_36,2,1,69.64,1599
iposolver,UNIFORM_ALL_42,2,2,0.0,256
iposolver,UNIFORM_ALL_17,2,2,0.0,32
cagen,BOOLC_31,2,3,0.78,6
cagen,UNIFORM_ALL_48,2,3,0.0,25
iposolver,UNIFORM_BOOLEAN_25,2,3,0.0,4
appts,UNIFORM_ALL_13,2,1,21.12,39
appts,BOOLC_17,2,1,14.25,7
appts,UNIFORM_ALL_46,2,1,14.47,8
appts,BOOLC_42,2,1,10.92,6
cagen,UNIFORM_BOOLEAN_30,2,3,0.0,10
appts,UNIFORM_BOOLEAN_5,2,3,13.29,7
iposolver,MCA_0,2,2,0.0,115
iposolver,UNIFORM_BOOLEAN_21,2,1,0.0,7
cagen,UNIFORM_ALL_19,2,1,0.0,79
appts,UNIFORM_BOOLEAN_1,2,1,6.83,4
appts,UNIFORM_ALL_17,2,3,13.21,25
appts,BOOLC_13,2,3,2.58,7
iposolver,MCA_14,2,2,0.02,1540
iposolver,UNIFORM_ALL_8,2,3,0.02,404
appts,UNIFORM_ALL_42,2,3,23.96,256
cagen,UNIFORM_BOOLEAN_34,2,1,0.0,10
appts,BOOLC_46,2,3,14.3,7
iposolver,MCA_41,2,2,0.21,1867
cagen,UNIFORM_BOOLEAN_9,2,3,0.0,4
cagen,BOOLC_35,2,1,0.0,6
appts,MCAC_32,2,3,204.16,276
cagen,MCAC_47,2,2,0.0,6
cagen,MCAC_12,2,2,0.0,77
appts,BOOLC_3,2,1,12.18,7
pmedici,MCA_49,2,3,5.01,1127
appts,MCAC_26,2,2,300.14,2072
appts,MCAC_7,2,1,2.55,46
cagen,MCA_42,2,1,0.01,1046
cagen,MCA_17,2,1,0.0,480
cagen,MCA_46,2,3,0.01,920
cagen,UNIFORM_BOOLEAN_24,2,2,0.0,12
cagen,MCA_13,2,3,0.02,1922
iposolver,UNIFORM_BOOLEAN_31,2,2,0.0,9
pmedici,UNIFORM_BOOLEAN_28,2,3,1.89,12
appts,UNIFORM_ALL_7,2,2,28.47,30
pmedici,MCA_18,2,1,2.04,46
appts,BOOLC_7,2,3,14.64,8
cagen,BOOLC_25,2,2,0.0,5
appts,MCAC_3,2,3,28.62,98
appts,BOOLC_4,2,1,18.08,8
pmedici,BOOLC_29,2,3,1.97,35
appts,MCAC_0,2,1,122.74,837
pmedici,MCAC_48,2,3,13.6,2163
appts,MCAC_21,2,2,81.95,931
cagen,MCA_45,2,1,0.0,6
cagen,MCA_10,2,1,0.01,1850
appts,MCA_39,2,1,26.14,222
cagen,UNIFORM_BOOLEAN_23,2,2,0.0,12
cagen,MCA_41,2,3,0.02,1825
cagen,MCA_14,2,3,0.01,1540
appts,UNIFORM_ALL_0,2,2,83.81,173
iposolver,UNIFORM_BOOLEAN_36,2,2,0.0,11
appts,BOOLC_0,2,3,3.02,8
appts,UNIFORM_BOOLEAN_39,2,2,14.58,8
cagen,BOOLC_22,2,2,0.04,12
appts,MCAC_4,2,3,53.93,1360
pmedici,MCAC_19,2,1,2.32,346
appts,BOOLC_21,2,1,2.91,6
appts,UNIFORM_ALL_25,2,1,15.38,13
cagen,MCA_31,2,2,0.0,539
appts,MCA_18,2,2,16.06,46
iposolver,UNIFORM_BOOLEAN_46,2,3,0.0,9
iposolver,UNIFORM_BOOLEAN_13,2,3,0.0,9
cagen,MCAC_8,2,2,0.49,1448
appts,UNIFORM_BOOLEAN_49,2,3,14.64,8
iposolver,UNIFORM_ALL_21,2,2,0.0,160
cagen,BOOLC_5,2,3,0.19,1
cagen,MCAC_24,2,2,0.02,1702
cagen,BOOLC_1,2,1,0.0,10
appts,UNIFORM_BOOLEAN_18,2,1,13.14,6
pmedici,MCAC_38,2,2,92.46,27
iposolver,MCA_22,2,2,0.0,120
appts,BOOLC_25,2,3,10.52,5
appts,UNIFORM_ALL_21,2,3,22.36,144
pmedici,MCAC_7,2,2,1.83,57
pmedici,UNIFORM_BOOLEAN_8,2,1,1.9,4
iposolver,UNIFORM_BOOLEAN_42,2,1,0.0,11
iposolver,UNIFORM_BOOLEAN_17,2,1,0.0,4
appts,UNIFORM_ALL_22,2,1,49.84,361
cagen,MCA_36,2,2,0.01,1776
appts,BOOLC_26,2,1,10.22,5
iposolver,UNIFORM_BOOLEAN_41,2,3,0.0,9
iposolver,UNIFORM_BOOLEAN_14,2,3,0.0,9
cagen,BOOLC_2,2,3,0.0,10
iposolver,UNIFORM_BOOLEAN_8,2,3,0.0,4
iposolver,UNIFORM_ALL_26,2,2,0.01,136
cagen,MCAC_23,2,2,0.04,33
pmedici,MCA_39,2,2,2.04,222
cagen,BOOLC_6,2,1,0.74,13
appts,UNIFORM_ALL_26,2,3,43.56,96
pmedici,MCAC_0,2,2,18.79,1098
iposolver,MCA_25,2,2,0.05,1960
appts,BOOLC_22,2,3,15.87,8
iposolver,UNIFORM_BOOLEAN_45,2,1,0.0,6
iposolver,UNIFORM_BOOLEAN_10,2,1,0.0,11
cagen,UNIFORM_ALL_28,2,1,0.0,167
cagen,MCAC_10,2,1,0.03,1510
cagen,MCAC_45,2,1,0.16,1484
iposolver,UNIFORM_ALL_11,2,3,0.03,209
pmedici,BOOLC_38,2,1,2.04,38
cagen,BOOLC_37,2,2,0.0,2
iposolver,UNIFORM_ALL_44,2,3,0.02,79
pmedici,UNIFORM_ALL_39,2,2,9.63,736
cagen,UNIFORM_BOOLEAN_36,2,2,0.0,12
iposolver,MCA_43,2,1,0.1,2024
iposolver,MCA_16,2,1,0.0,4
appts,UNIFORM_BOOLEAN_3,2,2,12.87,7
iposolver,UNIFORM_BOOLEAN_23,2,2,0.0,11
appts,MCA_28,2,3,36.67,1300
iposolver,MCA_2,2,1,0.0,94
appts,UNIFORM_ALL_44,2,2,29.91,60
iposolver,MCA_47,2,3,0.01,378
appts,BOOLC_40,2,2,14.17,8
appts,UNIFORM_ALL_11,2,2,25.54,121
iposolver,MCA_12,2,3,0.08,1712
appts,BOOLC_15,2,2,12.8,8
iposolver,MCA_6,2,3,0.28,2340
cagen,MCAC_14,2,3,0.04,989
cagen,MCAC_41,2,3,1.23,2379
iposolver,UNIFORM_ALL_15,2,1,0.0,16
iposolver,UNIFORM_ALL_40,2,1,0.21,568
appts,MCAC_34,2,2,91.99,64
cagen,MCAC_17,2,1,0.0,37
cagen,MCAC_42,2,1,300.0,0
cagen,BOOLC_30,2,2,300.0,0
iposolver,UNIFORM_ALL_16,2,3,0.0,11
iposolver,UNIFORM_ALL_43,2,3,0.24,438
appts,UNIFORM_BOOLEAN_4,2,2,12.37,6
cagen,UNIFORM_BOOLEAN_31,2,2,0.0,8
iposolver,MCA_44,2,1,0.07,2600
iposolver,MCA_11,2,1,0.06,1935
iposolver,UNIFORM_BOOLEAN_24,2,2,0.0,11
iposolver,MCA_5,2,1,0.33,2283
cagen,UNIFORM_ALL_49,2,2,0.0,211
iposolver,MCA_40,2,3,0.0,120
appts,BOOLC_47,2,2,41.25,9
appts,UNIFORM_ALL_43,2,2,188.07,356
iposolver,UNIFORM_ALL_9,2,2,0.03,133
iposolver,MCA_15,2,3,0.28,2060
appts,BOOLC_12,2,2,12.26,4
appts,UNIFORM_ALL_16,2,2,15.01,8
pmedici,UNIFORM_BOOLEAN_39,2,1,1.92,12
iposolver,MCA_1,2,3,0.0,4
cagen,MCAC_13,2,3,0.0,326
cagen,MCAC_46,2,3,0.71,1452
appts,MCAC_33,2,2,300.24,2214
iposolver,UNIFORM_ALL_12,2,1,0.0,11
cagen,UNIFORM_BOOLEAN_8,2,2,0.0,4
iposolver,UNIFORM_ALL_47,2,1,0.19,457
appts,BOOLC_37,2,3,5.16,2
cagen,UNIFORM_BOOLEAN_45,2,1,0.0,6
iposolver,MCA_30,2,2,0.0,12
appts,UNIFORM_ALL_33,2,3,94.65,292
cagen,UNIFORM_BOOLEAN_10,2,1,0.0,10
cagen,MCA_3,2,2,0.01,2110
cagen,MCAC_36,2,2,0.03,1602
cagen,BOOLC_44,2,1,0.01,8
cagen,BOOLC_11,2,1,0.0,2
appts,MCAC_43,2,3,300.14,937
appts,MCAC_16,2,3,300.14,2431
cagen,UNIFORM_ALL_8,2,2,0.0,378
pmedici,MCA_1,2,2,1.88,4
appts,MCAC_47,2,1,11.27,6
appts,MCAC_12,2,1,2.31,77
cagen,BOOLC_40,2,3,0.0,11
cagen,BOOLC_15,2,3,0.0,11
iposolver,UNIFORM_ALL_33,2,2,0.07,360
cagen,UNIFORM_BOOLEAN_41,2,3,0.0,8
appts,BOOLC_33,2,1,21.98,7
appts,UNIFORM_ALL_37,2,1,22.74,225
cagen,MCA_23,2,2,0.0,924
cagen,UNIFORM_BOOLEAN_14,2,3,0.0,10
cagen,UNIFORM_ALL_39,2,3,0.01,443
pmedici,UNIFORM_BOOLEAN_18,2,2,1.85,12
appts,UNIFORM_ALL_34,2,3,20.72,25
cagen,UNIFORM_BOOLEAN_42,2,1,0.0,10
appts,BOOLC_30,2,3,54.7,8
iposolver,MCA_37,2,2,0.13,1031
pmedici,UNIFORM_ALL_18,2,1,3.58,314
cagen,UNIFORM_BOOLEAN_17,2,1,0.0,4
cagen,MCA_4,2,2,0.02,1606
cagen,MCAC_31,2,2,300.01,0
pmedici,BOOLC_8,2,1,1.95,32
appts,MCAC_44,2,3,24.07,86
appts,MCAC_11,2,3,14.33,110
cagen,BOOLC_43,2,1,300.0,0
pmedici,BOOLC_19,2,2,2.24,41
cagen,BOOLC_16,2,1,3.47,7
pmedici,MCA_6,2,2,33.6,3446
cagen,BOOLC_47,2,3,300.0,0
iposolver,UNIFORM_ALL_34,2,2,0.0,31
cagen,BOOLC_12,2,3,0.46,4
appts,MCA_8,2,3,13.75,20
appts,MCAC_40,2,1,26.29,85
appts,MCAC_15,2,1,49.68,2146
appts,UNIFORM_ALL_30,2,1,25.16,121
cagen,MCA_24,2,2,0.03,2076
pmedici,UNIFORM_ALL_49,2,3,3.19,294
appts,BOOLC_34,2,1,19.57,8
cagen,UNIFORM_BOOLEAN_46,2,3,0.0,10
cagen,UNIFORM_BOOLEAN_13,2,3,0.0,10
appts,UNIFORM_ALL_3,2,3,26.24,121
iposolver,UNIFORM_BOOLEAN_35,2,3,0.0,9
cagen,MCA_42,2,2,0.01,1046
cagen,UNIFORM_BOOLEAN_20,2,3,0.0,6
cagen,MCA_17,2,2,0.0,480
appts,MCAC_26,2,1,300.18,2072
cagen,BOOLC_21,2,3,0.0,6
appts,MCAC_7,2,2,2.61,46
appts,BOOLC_3,2,2,13.62,7
cagen,BOOLC_25,2,1,0.0,5
appts,MCAC_22,2,3,300.13,1836
pmedici,MCA_18,2,2,1.84,46
iposolver,UNIFORM_BOOLEAN_31,2,1,0.0,9
appts,UNIFORM_ALL_7,2,1,30.33,30
cagen,UNIFORM_BOOLEAN_24,2,1,0.0,12
iposolver,UNIFORM_BOOLEAN_32,2,3,0.0,4
appts,MCA_39,2,2,26.02,222
appts,UNIFORM_ALL_4,2,3,98.64,265
cagen,UNIFORM_BOOLEAN_27,2,3,0.0,8
cagen,MCA_45,2,2,0.0,6
pmedici,UNIFORM_ALL_28,2,3,3.23,251
cagen,MCA_10,2,2,0.01,1850
cagen,BOOLC_26,2,3,0.0,6
appts,MCAC_0,2,2,122.38,837
appts,MCAC_21,2,1,74.72,931
appts,BOOLC_4,2,2,15.81,8
appts,MCAC_25,2,3,300.17,1860
pmedici,MCAC_19,2,2,2.21,345
appts,UNIFORM_BOOLEAN_39,2,1,13.45,8
cagen,BOOLC_22,2,1,0.04,12
appts,UNIFORM_ALL_0,2,1,177.66,173
iposolver,UNIFORM_BOOLEAN_36,2,1,0.0,11
cagen,UNIFORM_BOOLEAN_23,2,1,0.0,12
iposolver,UNIFORM_ALL_21,2,1,0.0,160
cagen,MCAC_8,2,1,0.47,1448
cagen,MCAC_20,2,3,0.01,4
appts,MCA_18,2,1,17.57,46
iposolver,MCA_26,2,3,0.32,2370
appts,BOOLC_21,2,2,3.22,6
appts,UNIFORM_ALL_25,2,2,14.75,13
cagen,MCA_31,2,1,0.0,539
pmedici,MCAC_3,2,3,1.99,99
iposolver,UNIFORM_BOOLEAN_42,2,2,0.0,11
appts,MCA_49,2,3,35.68,1102
iposolver,UNIFORM_BOOLEAN_17,2,2,0.0,4
iposolver,MCA_22,2,1,0.0,120
pmedici,MCAC_7,2,1,1.86,57
cagen,MCA_35,2,3,0.02,2164
pmedici,UNIFORM_BOOLEAN_8,2,2,1.92,4
cagen,BOOLC_1,2,2,0.0,10
pmedici,MCAC_38,2,1,50.14,25
appts,UNIFORM_BOOLEAN_18,2,2,11.19,6
iposolver,UNIFORM_ALL_25,2,3,0.0,18
cagen,MCAC_24,2,1,0.02,1702
pmedici,UNIFORM_ALL_8,2,3,3.19,673
iposolver,UNIFORM_ALL_26,2,1,0.01,136
cagen,MCAC_27,2,3,0.1,210
appts,UNIFORM_ALL_22,2,2,65.91,361
cagen,MCA_36,2,1,0.01,1776
pmedici,MCAC_4,2,3,21.19,2014
iposolver,MCA_21,2,3,0.23,1565
appts,BOOLC_26,2,2,9.6,5
iposolver,UNIFORM_BOOLEAN_45,2,2,0.0,6
iposolver,UNIFORM_BOOLEAN_10,2,2,0.0,11
cagen,UNIFORM_ALL_28,2,2,0.0,167
pmedici,MCAC_0,2,1,18.02,1092
cagen,MCA_32,2,3,0.01,1628
iposolver,MCA_25,2,1,0.05,1960
iposolver,UNIFORM_ALL_22,2,3,0.4,731
cagen,BOOLC_6,2,2,0.74,13
cagen,MCAC_23,2,1,0.05,33
pmedici,MCA_39,2,1,2.06,222
iposolver,UNIFORM_BOOLEAN_23,2,1,0.0,11
iposolver,MCA_2,2,2,0.0,94
appts,UNIFORM_ALL_40,2,3,42.65,289
pmedici,UNIFORM_ALL_39,2,1,9.28,734
iposolver,MCA_43,2,2,0.13,2024
cagen,UNIFORM_BOOLEAN_36,2,1,0.0,12
appts,BOOLC_44,2,3,14.13,6
appts,UNIFORM_ALL_15,2,3,11.82,16
iposolver,MCA_16,2,2,0.0,4
appts,BOOLC_11,2,3,5.34,2
appts,UNIFORM_BOOLEAN_3,2,1,13.4,7
appts,MCAC_30,2,3,51.62,2256
cagen,BOOLC_37,2,1,0.0,2
pmedici,BOOLC_38,2,2,1.94,38
cagen,MCAC_10,2,2,0.03,1510
cagen,MCAC_45,2,2,0.16,1484
iposolver,UNIFORM_ALL_15,2,2,0.0,16
cagen,BOOLC_33,2,3,52.76,10
appts,UNIFORM_BOOLEAN_28,2,3,9.28,5
iposolver,UNIFORM_ALL_40,2,2,0.21,568
appts,MCAC_34,2,1,90.2,64
iposolver,UNIFORM_BOOLEAN_27,2,3,0.0,7
appts,UNIFORM_BOOLEAN_7,2,3,11.62,6
appts,UNIFORM_ALL_44,2,1,38.67,60
appts,BOOLC_40,2,1,13.99,8
cagen,UNIFORM_BOOLEAN_32,2,3,0.0,4
appts,UNIFORM_ALL_11,2,1,25.75,121
appts,BOOLC_15,2,1,13.27,8
iposolver,UNIFORM_BOOLEAN_24,2,1,0.0,11
iposolver,MCA_5,2,2,0.37,2283
cagen,UNIFORM_ALL_49,2,1,0.0,211
appts,UNIFORM_BOOLEAN_4,2,1,11.8,6
iposolver,MCA_44,2,2,0.07,2600
appts,BOOLC_43,2,3,34.11,8
cagen,UNIFORM_BOOLEAN_31,2,1,0.0,8
appts,UNIFORM_ALL_47,2,3,121.85,370
iposolver,MCA_11,2,2,0.07,1935
appts,BOOLC_16,2,3,4.15,7
appts,UNIFORM_ALL_12,2,3,14.57,8
cagen,BOOLC_30,2,1,300.0,0
appts,MCAC_37,2,3,5.17,6
cagen,MCAC_17,2,2,0.0,37
cagen,MCAC_42,2,2,300.0,0
appts,MCAC_33,2,1,300.24,2214
cagen,BOOLC_34,2,3,19.22,11
iposolver,UNIFORM_ALL_12,2,2,0.0,11
cagen,UNIFORM_BOOLEAN_8,2,1,0.0,4
iposolver,UNIFORM_ALL_47,2,2,0.15,457
cagen,UNIFORM_ALL_18,2,3,0.0,211
iposolver,UNIFORM_BOOLEAN_20,2,3,0.0,6
pmedici,UNIFORM_BOOLEAN_39,2,2,1.86,12
cagen,UNIFORM_BOOLEAN_35,2,3,0.0,10
appts,BOOLC_47,2,1,42.57,9
iposolver,UNIFORM_ALL_9,2,1,0.03,133
appts,UNIFORM_ALL_43,2,1,96.39,357
appts,BOOLC_12,2,1,12.59,4
appts,UNIFORM_ALL_16,2,1,13.16,8
appts,UNIFORM_BOOLEAN_0,2,3,12.34,6
cagen,BOOLC_44,2,2,0.01,8
cagen,BOOLC_11,2,2,0.0,2
iposolver,UNIFORM_ALL_37,2,3,0.0,225
pmedici,MCA_5,2,3,49.71,3990
cagen,MCAC_36,2,1,0.03,1602
pmedici,UNIFORM_BOOLEAN_49,2,3,1.89,23
cagen,MCA_3,2,1,0.01,2110
iposolver,MCA_30,2,1,0.0,12
cagen,UNIFORM_BOOLEAN_45,2,2,0.0,6
cagen,MCA_27,2,3,0.0,705
cagen,UNIFORM_BOOLEAN_10,2,2,0.0,10
cagen,MCA_7,2,3,0.0,572
pmedici,UNIFORM_BOOLEAN_18,2,1,2.03,8
appts,BOOLC_33,2,2,22.0,7
iposolver,MCA_34,2,3,0.04,1680
appts,UNIFORM_ALL_37,2,2,22.72,225
cagen,MCA_23,2,1,0.0,924
appts,MCAC_47,2,2,11.12,6
appts,MCAC_12,2,2,2.18,77
iposolver,UNIFORM_ALL_33,2,1,0.05,360
pmedici,MCA_28,2,3,4.59,1448
cagen,MCAC_32,2,3,300.0,0
pmedici,MCA_1,2,1,1.94,4
cagen,UNIFORM_ALL_8,2,1,0.0,378
cagen,BOOLC_43,2,2,300.0,0
iposolver,UNIFORM_ALL_30,2,3,0.03,209
cagen,BOOLC_16,2,2,3.45,7
pmedici,BOOLC_19,2,1,2.18,41
cagen,MCAC_31,2,1,300.01,0
pmedici,BOOLC_8,2,2,1.9,33
pmedici,MCA_2,2,3,1.91,94
cagen,MCA_4,2,1,0.02,1606
cagen,MCA_20,2,3,0.01,1681
iposolver,MCA_37,2,1,0.14,1031
cagen,UNIFORM_BOOLEAN_42,2,2,0.0,10
pmedici,UNIFORM_ALL_18,2,2,3.44,307
cagen,UNIFORM_BOOLEAN_17,2,2,0.0,4
cagen,MCA_0,2,3,0.0,115
appts,UNIFORM_ALL_30,2,2,25.58,121
cagen,MCA_24,2,1,0.02,2076
appts,BOOLC_34,2,2,19.28,8
iposolver,MCA_33,2,3,0.0,205
pmedici,BOOLC_48,2,3,2.05,36
iposolver,UNIFORM_ALL_34,2,1,0.0,31
pmedici,MCAC_29,2,3,42.29,2188
appts,MCAC_40,2,2,28.15,85
appts,MCAC_15,2,2,49.87,2146
pmedici,MCA_6,2,1,33.45,3504
cagen,MCAC_35,2,3,0.67,2386
cagen,MCAC_21,2,2,295.03,931
cagen,BOOLC_4,2,1,0.02,11
appts,UNIFORM_BOOLEAN_48,2,1,12.29,7
pmedici,MCAC_2,2,2,21.99,2387
appts,UNIFORM_ALL_24,2,3,78.39,342
appts,BOOLC_20,2,3,13.52,8
iposolver,MCA_27,2,2,0.01,705
iposolver,UNIFORM_BOOLEAN_12,2,1,0.0,9
iposolver,UNIFORM_BOOLEAN_47,2,1,0.0,9
pmedici,UNIFORM_BOOLEAN_9,2,3,1.86,12
appts,UNIFORM_ALL_20,2,1,173.82,616
cagen,MCA_34,2,2,0.01,1680
appts,BOOLC_24,2,1,7.63,4
iposolver,UNIFORM_BOOLEAN_16,2,3,0.0,9
appts,MCA_48,2,2,38.14,1312
iposolver,UNIFORM_BOOLEAN_43,2,3,0.0,11
iposolver,UNIFORM_ALL_24,2,2,0.11,424
appts,UNIFORM_BOOLEAN_19,2,3,13.56,7
cagen,BOOLC_0,2,3,0.02,9
cagen,MCAC_26,2,2,300.0,0
cagen,BOOLC_3,2,1,0.0,7
pmedici,UNIFORM_ALL_9,2,2,2.65,189
iposolver,UNIFORM_BOOLEAN_9,2,1,0.0,4
appts,BOOLC_27,2,3,13.82,6
iposolver,MCA_20,2,2,0.06,1704
pmedici,MCAC_5,2,2,45.99,2722
appts,UNIFORM_ALL_23,2,3,36.8,289
iposolver,UNIFORM_BOOLEAN_15,2,1,0.0,11
iposolver,UNIFORM_BOOLEAN_40,2,1,0.0,6
appts,BOOLC_23,2,1,3.04,1
appts,UNIFORM_ALL_27,2,1,93.36,406
cagen,MCA_33,2,2,0.0,205
cagen,UNIFORM_ALL_29,2,3,0.01,324
iposolver,UNIFORM_BOOLEAN_11,2,3,0.0,9
iposolver,UNIFORM_BOOLEAN_44,2,3,0.0,9
cagen,BOOLC_7,2,3,0.02,10
iposolver,UNIFORM_ALL_23,2,2,0.13,513
cagen,MCA_16,2,3,0.0,4
cagen,UNIFORM_BOOLEAN_21,2,2,0.0,8
cagen,MCA_43,2,3,0.01,1881
iposolver,UNIFORM_BOOLEAN_34,2,2,0.0,11
appts,UNIFORM_ALL_2,2,2,183.94,311
pmedici,MCA_48,2,1,4.76,1314
appts,BOOLC_2,2,3,13.87,7
appts,MCAC_6,2,3,198.7,700
cagen,BOOLC_20,2,2,0.0,10
appts,BOOLC_6,2,1,15.39,11
pmedici,MCA_19,2,3,25.74,2602
appts,MCAC_23,2,2,8.3,33
appts,MCAC_2,2,1,43.08,1656
cagen,MCA_12,2,1,0.01,1618
cagen,MCA_47,2,1,0.0,378
pmedici,UNIFORM_BOOLEAN_29,2,1,1.87,12
cagen,MCA_11,2,3,0.01,1939
pmedici,UNIFORM_ALL_29,2,2,6.37,467
cagen,MCA_44,2,3,0.01,2450
cagen,UNIFORM_BOOLEAN_26,2,2,0.0,8
appts,UNIFORM_ALL_5,2,2,36.98,123
appts,MCA_38,2,3,45.23,2100
iposolver,UNIFORM_BOOLEAN_33,2,2,0.0,11
appts,BOOLC_5,2,3,3.79,1
pmedici,MCAC_49,2,1,60.29,1702
pmedici,BOOLC_28,2,1,2.02,37
appts,MCAC_1,2,3,5.08,24
cagen,BOOLC_27,2,2,0.0,9
appts,BOOLC_1,2,1,13.69,7
appts,MCAC_5,2,1,240.1,2161
pmedici,MCAC_18,2,3,1.96,1
appts,MCAC_24,2,2,42.92,1702
cagen,MCA_15,2,1,0.02,1991
cagen,MCA_40,2,1,0.0,120
pmedici,MCA_4,2,2,9.25,1865
appts,MCAC_17,2,1,16.9,37
appts,MCAC_42,2,1,300.15,1335
iposolver,UNIFORM_ALL_36,2,2,0.02,267
cagen,BOOLC_10,2,3,0.0,9
cagen,BOOLC_45,2,3,0.0,10
cagen,UNIFORM_BOOLEAN_11,2,3,0.0,10
appts,UNIFORM_ALL_32,2,1,21.44,121
cagen,MCA_26,2,2,0.02,2217
appts,BOOLC_36,2,1,13.89,7
cagen,UNIFORM_BOOLEAN_44,2,3,0.0,8
pmedici,UNIFORM_BOOLEAN_48,2,2,1.95,14
cagen,UNIFORM_BOOLEAN_15,2,1,0.0,10
appts,UNIFORM_ALL_36,2,3,25.78,169
iposolver,MCA_35,2,2,0.2,2234
cagen,UNIFORM_BOOLEAN_40,2,1,0.0,6
appts,BOOLC_32,2,3,2.51,9
cagen,MCA_6,2,2,0.02,2205
cagen,UNIFORM_ALL_38,2,1,0.0,361
cagen,MCAC_33,2,2,300.01,0
pmedici,MCA_29,2,2,38.65,2168
cagen,BOOLC_14,2,1,0.0,6
cagen,BOOLC_41,2,1,0.01,6
appts,MCAC_13,2,3,33.14,324
appts,MCAC_46,2,3,70.44,1443
pmedici,MCA_3,2,2,29.93,3205
pmedici,BOOLC_9,2,3,1.86,50
cagen,BOOLC_17,2,3,0.07,10
iposolver,UNIFORM_ALL_31,2,2,0.0,9
cagen,BOOLC_42,2,3,0.01,6
appts,MCAC_10,2,1,231.44,1480
appts,MCAC_45,2,1,95.59,1473
cagen,UNIFORM_BOOLEAN_16,2,3,0.0,8
pmedici,UNIFORM_ALL_19,2,3,2.21,117
cagen,UNIFORM_BOOLEAN_43,2,3,0.0,10
appts,BOOLC_31,2,1,12.58,5
appts,UNIFORM_ALL_35,2,1,48.34,361
cagen,MCA_21,2,2,0.02,1556
cagen,UNIFORM_BOOLEAN_12,2,1,0.0,10
iposolver,MCA_32,2,2,0.03,1628
appts,BOOLC_35,2,3,11.03,6
cagen,UNIFORM_BOOLEAN_47,2,1,0.0,8
appts,UNIFORM_ALL_31,2,3,13.8,7
pmedici,UNIFORM_ALL_48,2,1,1.85,38
cagen,MCA_1,2,2,0.0,4
cagen,MCAC_34,2,2,300.0,0
appts,MCAC_14,2,3,38.75,989
appts,MCAC_41,2,3,300.15,2127
cagen,BOOLC_13,2,1,0.0,7
appts,MCA_9,2,1,49.06,2350
pmedici,MCAC_28,2,2,1.85,10
cagen,BOOLC_46,2,1,0.0,7
pmedici,BOOLC_49,2,2,1.93,11
appts,BOOLC_10,2,2,11.63,6
iposolver,MCA_17,2,3,0.03,480
appts,UNIFORM_ALL_14,2,2,23.56,169
appts,BOOLC_45,2,2,2.86,11
iposolver,MCA_42,2,3,0.13,1064
appts,UNIFORM_ALL_41,2,2,30.46,17
appts,MCA_29,2,1,44.07,1920
iposolver,MCA_3,2,3,0.14,2190
cagen,MCAC_44,2,3,0.0,86
cagen,MCAC_11,2,3,29.37,110
iposolver,UNIFORM_ALL_45,2,1,0.16,679
pmedici,BOOLC_39,2,3,1.9,34
iposolver,UNIFORM_ALL_10,2,1,0.0,10
appts,MCAC_31,2,2,300.45,2264
cagen,MCAC_40,2,1,0.01,85
cagen,MCAC_15,2,1,300.0,0
iposolver,UNIFORM_ALL_41,2,3,0.01,25
appts,UNIFORM_BOOLEAN_29,2,2,6.61,4
cagen,BOOLC_32,2,2,0.0,9
iposolver,UNIFORM_ALL_14,2,3,0.01,225
iposolver,MCA_13,2,1,0.16,1911
iposolver,MCA_46,2,1,0.08,948
cagen,UNIFORM_BOOLEAN_33,2,2,0.0,10
appts,UNIFORM_BOOLEAN_6,2,2,13.34,7
iposolver,MCA_7,2,1,0.02,602
iposolver,UNIFORM_BOOLEAN_26,2,2,0.0,7
appts,UNIFORM_ALL_13,2,2,20.24,39
appts,BOOLC_17,2,2,14.64,7
iposolver,MCA_10,2,3,0.09,1877
appts,UNIFORM_ALL_46,2,2,14.82,8
appts,BOOLC_42,2,2,11.55,6
iposolver,MCA_45,2,3,0.0,6
iposolver,MCA_4,2,3,0.17,1599
cagen,MCAC_43,2,3,300.0,0
cagen,MCAC_16,2,3,0.05,2545
appts,MCAC_36,2,2,74.13,1599
iposolver,UNIFORM_ALL_42,2,1,0.0,256
iposolver,UNIFORM_ALL_17,2,1,0.0,32
cagen,MCAC_47,2,1,0.0,6
cagen,MCAC_12,2,1,0.0,77
iposolver,UNIFORM_ALL_46,2,3,0.0,11
iposolver,UNIFORM_ALL_13,2,3,0.0,52
cagen,BOOLC_35,2,2,0.0,6
appts,UNIFORM_BOOLEAN_1,2,2,6.17,4
iposolver,MCA_14,2,1,0.02,1540
iposolver,MCA_41,2,1,0.22,1867
cagen,UNIFORM_BOOLEAN_34,2,2,0.0,10
iposolver,MCA_0,2,1,0.0,115
pmedici,UNIFORM_BOOLEAN_38,2,3,1.98,13
iposolver,UNIFORM_BOOLEAN_21,2,2,0.0,7
cagen,UNIFORM_ALL_19,2,2,0.0,79
cagen,UNIFORM_BOOLEAN_9,2,1,0.0,4
iposolver,UNIFORM_ALL_46,2,2,0.0,11
cagen,BOOLC_35,2,3,0.0,6
iposolver,UNIFORM_ALL_13,2,2,0.0,52
appts,MCAC_32,2,1,206.01,276
appts,UNIFORM_BOOLEAN_1,2,3,6.92,4
appts,BOOLC_13,2,1,2.7,7
appts,UNIFORM_ALL_17,2,1,13.73,25
appts,BOOLC_46,2,1,14.04,7
cagen,UNIFORM_BOOLEAN_34,2,3,0.0,10
appts,UNIFORM_ALL_42,2,1,23.64,256
iposolver,UNIFORM_ALL_8,2,1,0.01,404
pmedici,UNIFORM_BOOLEAN_38,2,2,1.85,13
iposolver,UNIFORM_BOOLEAN_21,2,3,0.0,7
cagen,UNIFORM_ALL_19,2,3,0.0,79
appts,BOOLC_17,2,3,14.7,7
iposolver,MCA_10,2,2,0.12,1877
appts,UNIFORM_ALL_13,2,3,18.64,39
cagen,UNIFORM_BOOLEAN_30,2,1,0.0,10
appts,BOOLC_42,2,3,11.55,6
iposolver,MCA_45,2,2,0.0,6
appts,UNIFORM_ALL_46,2,3,12.74,8
appts,UNIFORM_BOOLEAN_5,2,1,13.6,7
cagen,UNIFORM_ALL_48,2,1,0.0,25
iposolver,MCA_4,2,2,0.17,1599
iposolver,UNIFORM_BOOLEAN_25,2,1,0.0,4
cagen,MCAC_43,2,2,300.0,0
cagen,MCAC_16,2,2,0.04,2545
appts,MCAC_36,2,3,69.53,1599
cagen,BOOLC_31,2,1,0.82,6
appts,MCAC_35,2,1,71.98,2368
iposolver,UNIFORM_ALL_41,2,2,0.01,25
iposolver,UNIFORM_ALL_14,2,2,0.01,225
cagen,BOOLC_32,2,3,0.0,9
appts,UNIFORM_BOOLEAN_29,2,3,7.11,4
appts,UNIFORM_ALL_10,2,1,11.15,9
appts,BOOLC_14,2,1,11.76,6
appts,UNIFORM_ALL_45,2,1,209.67,562
cagen,UNIFORM_BOOLEAN_33,2,3,0.0,10
appts,BOOLC_41,2,1,10.4,4
appts,UNIFORM_BOOLEAN_6,2,3,13.92,7
iposolver,UNIFORM_BOOLEAN_26,2,3,0.0,7
appts,UNIFORM_BOOLEAN_2,2,1,13.04,8
appts,UNIFORM_ALL_14,2,3,23.89,169
appts,BOOLC_10,2,3,12.66,6
iposolver,MCA_17,2,2,0.03,480
pmedici,UNIFORM_ALL_38,2,1,2.48,505
appts,UNIFORM_ALL_41,2,3,17.69,17
appts,BOOLC_45,2,3,2.67,11
cagen,UNIFORM_BOOLEAN_37,2,1,0.0,12
iposolver,MCA_42,2,2,0.13,1064
iposolver,MCA_3,2,2,0.14,2190
iposolver,UNIFORM_BOOLEAN_22,2,1,0.0,7
cagen,MCAC_44,2,2,0.0,86
cagen,MCAC_11,2,2,29.19,110
pmedici,BOOLC_39,2,2,2.03,35
cagen,BOOLC_36,2,1,0.0,10
appts,MCAC_31,2,3,300.39,2264
appts,UNIFORM_ALL_31,2,2,12.89,7
cagen,MCA_25,2,1,0.01,1965
iposolver,MCA_32,2,3,0.03,1628
appts,BOOLC_35,2,2,9.53,6
cagen,MCA_1,2,3,0.0,4
cagen,MCAC_34,2,3,300.0,0
pmedici,MCA_7,2,1,3.56,727
appts,MCAC_14,2,2,39.13,989
appts,MCAC_41,2,2,300.16,2127
iposolver,UNIFORM_ALL_35,2,1,0.65,774
pmedici,MCAC_28,2,3,1.95,10
pmedici,BOOLC_49,2,3,1.93,11
pmedici,MCA_3,2,3,31.2,3166
pmedici,BOOLC_9,2,2,1.91,41
cagen,MCAC_30,2,1,0.02,2286
iposolver,UNIFORM_ALL_31,2,3,0.0,9
pmedici,BOOLC_18,2,1,1.97,26
cagen,BOOLC_17,2,2,0.09,10
cagen,BOOLC_42,2,2,0.01,6
pmedici,UNIFORM_ALL_19,2,2,2.19,110
cagen,UNIFORM_BOOLEAN_16,2,2,0.0,8
cagen,MCA_21,2,3,0.02,1556
cagen,UNIFORM_BOOLEAN_43,2,2,0.0,10
iposolver,MCA_36,2,1,0.07,1776
cagen,MCA_5,2,1,0.02,2022
iposolver,MCA_35,2,3,0.2,2234
appts,BOOLC_32,2,2,2.45,9
appts,UNIFORM_ALL_36,2,2,25.78,169
cagen,MCA_22,2,1,0.0,120
pmedici,UNIFORM_BOOLEAN_19,2,1,1.86,12
cagen,MCA_6,2,3,0.02,2205
cagen,UNIFORM_ALL_9,2,1,0.0,135
pmedici,MCA_0,2,1,1.95,116
pmedici,MCA_29,2,3,36.8,2194
cagen,MCAC_33,2,3,300.01,0
iposolver,UNIFORM_ALL_32,2,1,0.01,164
appts,MCAC_13,2,2,32.82,324
appts,MCAC_46,2,2,69.67,1443
cagen,MCAC_37,2,1,0.11,6
pmedici,MCA_4,2,3,9.07,1858
cagen,BOOLC_10,2,2,0.0,9
iposolver,UNIFORM_ALL_36,2,3,0.02,267
cagen,BOOLC_45,2,2,0.0,10
cagen,UNIFORM_BOOLEAN_11,2,2,0.0,10
cagen,UNIFORM_BOOLEAN_44,2,2,0.0,8
iposolver,MCA_31,2,1,0.0,539
cagen,MCA_26,2,3,0.02,2217
cagen,MCA_2,2,1,0.0,94
pmedici,UNIFORM_BOOLEAN_48,2,3,1.89,19
appts,UNIFORM_BOOLEAN_38,2,1,13.43,7
cagen,BOOLC_23,2,1,0.01,1
pmedici,MCAC_18,2,2,2.12,3
appts,MCAC_24,2,3,42.24,1702
cagen,UNIFORM_BOOLEAN_22,2,1,0.0,8
iposolver,UNIFORM_BOOLEAN_37,2,1,0.0,11
appts,UNIFORM_ALL_1,2,1,251.01,663
cagen,MCA_11,2,2,0.01,1939
cagen,UNIFORM_BOOLEAN_26,2,3,0.0,8
pmedici,UNIFORM_ALL_29,2,3,6.42,476
cagen,MCA_44,2,2,0.01,2450
appts,UNIFORM_ALL_5,2,3,27.48,123
appts,MCA_38,2,2,45.1,2100
iposolver,UNIFORM_BOOLEAN_33,2,3,0.0,11
appts,BOOLC_5,2,2,4.15,1
appts,MCAC_20,2,1,3.19,4
appts,MCAC_1,2,2,5.16,24
cagen,BOOLC_27,2,3,0.0,9
pmedici,MCA_19,2,2,26.78,2679
appts,MCAC_23,2,3,8.28,33
cagen,BOOLC_24,2,1,0.0,4
cagen,UNIFORM_BOOLEAN_25,2,1,0.0,4
appts,UNIFORM_ALL_6,2,1,21.11,121
iposolver,UNIFORM_BOOLEAN_30,2,1,0.0,9
cagen,MCA_16,2,2,0.0,4
cagen,MCA_43,2,2,0.01,1881
cagen,UNIFORM_BOOLEAN_21,2,3,0.0,8
iposolver,UNIFORM_BOOLEAN_34,2,3,0.0,11
appts,UNIFORM_ALL_2,2,3,103.91,311
appts,BOOLC_2,2,2,12.97,7
appts,MCAC_6,2,2,209.89,700
cagen,BOOLC_20,2,3,0.0,10
appts,MCAC_27,2,1,75.21,210
cagen,MCA_33,2,3,0.0,205
pmedici,MCAC_1,2,1,2.5,56
iposolver,MCA_24,2,1,0.32,2064
cagen,UNIFORM_ALL_29,2,2,0.01,324
iposolver,UNIFORM_BOOLEAN_11,2,2,0.0,9
iposolver,UNIFORM_BOOLEAN_44,2,2,0.0,9
cagen,MCAC_22,2,1,300.0,0
pmedici,MCA_38,2,1,25.0,2610
cagen,BOOLC_7,2,2,0.01,10
iposolver,UNIFORM_ALL_23,2,3,0.13,513
cagen,MCAC_26,2,3,300.0,0
iposolver,UNIFORM_ALL_27,2,1,0.03,488
pmedici,UNIFORM_ALL_9,2,3,2.65,195
pmedici,MCAC_5,2,3,48.01,2780
appts,UNIFORM_ALL_23,2,2,35.92,289
cagen,MCA_37,2,1,0.01,987
appts,BOOLC_27,2,2,13.57,6
iposolver,MCA_20,2,3,0.06,1704
pmedici,UNIFORM_BOOLEAN_9,2,2,1.82,12
iposolver,MCA_23,2,1,0.01,924
cagen,MCA_34,2,3,0.01,1680
pmedici,MCAC_6,2,1,300.12,0
iposolver,UNIFORM_BOOLEAN_16,2,2,0.0,9
appts,MCA_48,2,3,38.43,1312
iposolver,UNIFORM_BOOLEAN_43,2,2,0.0,11
cagen,MCAC_25,2,1,300.01,0
appts,UNIFORM_BOOLEAN_19,2,2,13.14,7
pmedici,MCAC_39,2,1,1.92,33
iposolver,UNIFORM_ALL_24,2,3,0.08,424
cagen,BOOLC_0,2,2,0.01,9
cagen,MCAC_9,2,1,0.02,2200
cagen,MCAC_21,2,3,294.85,931
iposolver,UNIFORM_ALL_20,2,1,0.27,745
appts,BOOLC_20,2,2,13.89,8
iposolver,MCA_27,2,3,0.0,705
pmedici,MCAC_2,2,3,21.22,2407
appts,UNIFORM_ALL_24,2,2,126.24,342
cagen,MCA_30,2,1,0.0,12
appts,MCA_19,2,1,42.32,1813
cagen,MCA_0,2,2,0.0,115
cagen,UNIFORM_BOOLEAN_46,2,1,0.0,10
appts,BOOLC_34,2,3,19.63,8
iposolver,MCA_33,2,2,0.0,205
pmedici,UNIFORM_ALL_49,2,1,3.18,304
appts,UNIFORM_ALL_30,2,3,25.72,121
cagen,UNIFORM_BOOLEAN_13,2,1,0.0,10
pmedici,BOOLC_48,2,2,1.94,36
cagen,BOOLC_47,2,1,300.0,0
pmedici,MCAC_29,2,2,32.52,2153
appts,MCA_8,2,1,13.66,20
cagen,BOOLC_12,2,1,0.48,4
appts,MCAC_40,2,3,26.31,85
appts,MCAC_15,2,3,49.87,2146
cagen,MCAC_35,2,2,0.64,2386
appts,MCAC_44,2,1,25.54,86
appts,MCAC_11,2,1,12.8,110
cagen,BOOLC_43,2,3,300.0,0
cagen,BOOLC_16,2,3,3.43,7
iposolver,UNIFORM_ALL_30,2,2,0.03,209
pmedici,BOOLC_8,2,3,1.92,32
pmedici,MCA_2,2,2,1.85,94
appts,BOOLC_30,2,1,55.94,8
cagen,UNIFORM_BOOLEAN_42,2,3,0.0,10
appts,UNIFORM_ALL_34,2,1,21.71,25
cagen,MCA_20,2,2,0.01,1681
cagen,UNIFORM_BOOLEAN_17,2,3,0.0,4
pmedici,UNIFORM_ALL_18,2,3,3.42,311
cagen,UNIFORM_ALL_39,2,1,0.01,443
cagen,MCA_7,2,2,0.0,572
appts,UNIFORM_ALL_37,2,3,22.42,225
appts,BOOLC_33,2,3,22.3,7
cagen,UNIFORM_BOOLEAN_41,2,1,0.0,8
iposolver,MCA_34,2,2,0.04,1680
cagen,UNIFORM_BOOLEAN_14,2,1,0.0,10
appts,MCAC_47,2,3,11.3,6
appts,MCAC_12,2,3,2.14,77
cagen,BOOLC_40,2,1,0.0,11
cagen,BOOLC_15,2,1,0.0,11
cagen,MCAC_32,2,2,300.0,0
pmedici,MCA_28,2,2,4.81,1443
cagen,BOOLC_44,2,3,0.01,8
iposolver,UNIFORM_ALL_37,2,2,0.0,225
cagen,BOOLC_11,2,3,0.0,2
appts,MCAC_43,2,1,300.13,937
appts,MCAC_16,2,1,300.15,2436
pmedici,MCA_5,2,2,50.75,3975
pmedici,UNIFORM_BOOLEAN_49,2,2,1.91,20
appts,UNIFORM_ALL_33,2,1,62.12,294
cagen,MCA_27,2,2,0.0,705
cagen,UNIFORM_BOOLEAN_45,2,3,0.0,6
appts,BOOLC_37,2,1,5.66,2
cagen,UNIFORM_BOOLEAN_10,2,3,0.0,10
iposolver,UNIFORM_ALL_12,2,3,0.0,11
cagen,BOOLC_34,2,2,19.21,11
iposolver,UNIFORM_ALL_47,2,3,0.19,457
cagen,MCAC_13,2,1,0.0,326
cagen,MCAC_46,2,1,0.72,1452
cagen,UNIFORM_ALL_18,2,2,0.0,211
iposolver,UNIFORM_BOOLEAN_20,2,2,0.0,6
iposolver,MCA_1,2,1,0.0,4
pmedici,UNIFORM_BOOLEAN_39,2,3,1.92,14
cagen,UNIFORM_BOOLEAN_35,2,2,0.0,10
iposolver,MCA_40,2,1,0.0,120
iposolver,MCA_15,2,1,0.28,2060
appts,UNIFORM_BOOLEAN_0,2,2,12.41,6
iposolver,MCA_5,2,3,0.37,2283
appts,UNIFORM_ALL_47,2,2,99.88,370
iposolver,MCA_44,2,3,0.07,2600
appts,BOOLC_43,2,2,35.04,8
appts,UNIFORM_ALL_12,2,2,12.82,8
iposolver,MCA_11,2,3,0.06,1935
appts,BOOLC_16,2,2,4.23,7
iposolver,UNIFORM_ALL_16,2,1,0.0,11
iposolver,UNIFORM_ALL_43,2,1,0.26,438
appts,MCAC_37,2,2,5.1,6
cagen,MCAC_17,2,3,0.0,37
cagen,MCAC_42,2,3,300.0,0
appts,UNIFORM_BOOLEAN_28,2,2,9.54,5
cagen,BOOLC_33,2,2,52.74,10
iposolver,UNIFORM_ALL_15,2,3,0.0,16
iposolver,UNIFORM_ALL_40,2,3,0.22,568
cagen,MCAC_14,2,1,0.04,989
cagen,MCAC_41,2,1,1.23,2379
iposolver,UNIFORM_BOOLEAN_27,2,2,0.0,7
iposolver,MCA_6,2,1,0.31,2340
appts,UNIFORM_BOOLEAN_7,2,2,9.83,6
cagen,UNIFORM_BOOLEAN_32,2,2,0.0,4
iposolver,MCA_47,2,1,0.01,378
iposolver,MCA_12,2,1,0.11,1712
iposolver,MCA_2,2,3,0.0,94
appts,MCA_28,2,1,38.19,1300
iposolver,MCA_43,2,3,0.13,2024
appts,BOOLC_44,2,2,14.84,6
appts,UNIFORM_ALL_40,2,2,42.86,289
iposolver,MCA_16,2,3,0.0,4
appts,BOOLC_11,2,2,5.54,2
appts,UNIFORM_ALL_15,2,2,12.22,16
appts,MCAC_30,2,2,50.02,2256
pmedici,BOOLC_38,2,3,1.96,36
iposolver,UNIFORM_ALL_11,2,1,0.02,209
iposolver,UNIFORM_ALL_44,2,1,0.01,79
cagen,MCAC_10,2,3,0.03,1510
cagen,MCAC_45,2,3,0.13,1484
iposolver,UNIFORM_BOOLEAN_45,2,3,0.0,6
iposolver,UNIFORM_BOOLEAN_10,2,3,0.0,11
cagen,UNIFORM_ALL_28,2,3,0.0,167
appts,BOOLC_22,2,1,17.89,8
appts,UNIFORM_ALL_26,2,1,41.19,97
cagen,MCA_32,2,2,0.01,1628
iposolver,UNIFORM_ALL_22,2,2,0.4,731
cagen,BOOLC_6,2,3,0.73,13
iposolver,UNIFORM_BOOLEAN_8,2,1,0.0,4
pmedici,UNIFORM_ALL_8,2,2,3.35,676
cagen,BOOLC_2,2,1,0.0,10
cagen,MCAC_27,2,2,0.08,210
iposolver,UNIFORM_BOOLEAN_41,2,1,0.0,9
iposolver,UNIFORM_BOOLEAN_14,2,1,0.0,9
iposolver,MCA_21,2,2,0.24,1565
appts,BOOLC_26,2,3,10.2,5
appts,UNIFORM_ALL_22,2,3,56.39,361
pmedici,MCAC_4,2,2,39.76,2046
iposolver,UNIFORM_BOOLEAN_42,2,3,0.0,11
appts,MCA_49,2,2,36.26,1102
iposolver,UNIFORM_BOOLEAN_17,2,3,0.0,4
appts,UNIFORM_ALL_21,2,1,22.61,144
cagen,MCA_35,2,2,0.02,2164
appts,BOOLC_25,2,1,11.8,5
pmedici,UNIFORM_BOOLEAN_8,2,3,1.78,4
cagen,BOOLC_1,2,3,0.0,10
iposolver,UNIFORM_ALL_25,2,2,0.0,18
appts,UNIFORM_BOOLEAN_18,2,3,11.92,6
appts,UNIFORM_BOOLEAN_49,2,1,14.33,8
cagen,BOOLC_5,2,1,0.19,1
cagen,MCAC_20,2,2,0.01,4
iposolver,UNIFORM_BOOLEAN_46,2,1,0.0,9
iposolver,UNIFORM_BOOLEAN_13,2,1,0.0,9
appts,UNIFORM_ALL_25,2,3,14.37,13
pmedici,MCAC_3,2,2,1.95,101
iposolver,MCA_26,2,2,0.32,2370
appts,BOOLC_21,2,3,3.01,6
appts,MCAC_25,2,2,300.18,1860
pmedici,MCAC_19,2,3,2.36,345
appts,MCAC_4,2,1,52.63,1360
appts,BOOLC_0,2,1,2.57,8
cagen,MCA_41,2,1,0.02,1825
cagen,MCA_14,2,1,0.01,1540
iposolver,UNIFORM_BOOLEAN_32,2,2,0.0,4
appts,MCA_39,2,3,26.8,222
appts,UNIFORM_ALL_4,2,2,64.64,265
cagen,MCA_45,2,3,0.0,6
pmedici,UNIFORM_ALL_28,2,2,3.13,261
cagen,UNIFORM_BOOLEAN_27,2,2,0.0,8
cagen,MCA_10,2,3,0.01,1850
cagen,BOOLC_26,2,2,0.0,6
appts,MCAC_0,2,3,121.96,837
pmedici,BOOLC_29,2,1,1.92,33
pmedici,MCAC_48,2,1,12.31,2017
appts,BOOLC_4,2,3,17.21,8
appts,MCAC_3,2,1,26.3,98
appts,MCAC_22,2,2,300.13,1836
pmedici,MCA_18,2,3,1.96,46
appts,BOOLC_7,2,1,13.67,8
pmedici,UNIFORM_BOOLEAN_28,2,1,1.85,15
cagen,MCA_46,2,1,0.01,920
cagen,MCA_13,2,1,0.02,1922
appts,UNIFORM_ALL_3,2,2,26.48,121
iposolver,UNIFORM_BOOLEAN_35,2,2,0.0,9
cagen,UNIFORM_BOOLEAN_20,2,2,0.0,6
cagen,MCA_42,2,3,0.01,1046
cagen,MCA_17,2,3,0.0,480
cagen,BOOLC_21,2,2,0.0,6
appts,MCAC_7,2,3,2.51,46
pmedici,MCA_49,2,1,5.33,1126
appts,BOOLC_3,2,3,12.48,7
pmedici,MCAC_9,2,2,9.04,2340
pmedici,UNIFORM_BOOLEAN_6,2,1,1.88,17
cagen,UNIFORM_ALL_21,2,1,0.0,156
iposolver,UNIFORM_BOOLEAN_19,2,1,0.0,9
pmedici,MCA_30,2,2,1.98,12
pmedici,UNIFORM_ALL_5,2,2,2.27,236
iposolver,UNIFORM_BOOLEAN_5,2,1,0.0,9
appts,UNIFORM_BOOLEAN_43,2,1,12.16,8
pmedici,MCAC_36,2,2,62.62,1813
appts,UNIFORM_BOOLEAN_16,2,1,11.5,6
cagen,MCAC_6,2,2,30.22,718
appts,UNIFORM_BOOLEAN_47,2,3,12.54,6
appts,UNIFORM_BOOLEAN_12,2,3,14.31,7
iposolver,UNIFORM_BOOLEAN_1,2,3,0.0,4
pmedici,UNIFORM_BOOLEAN_2,2,3,1.94,22
iposolver,UNIFORM_BOOLEAN_48,2,3,0.0,9
appts,MCA_16,2,2,6.56,4
appts,MCA_43,2,2,42.81,1880
cagen,UNIFORM_ALL_25,2,3,0.0,15
pmedici,UNIFORM_BOOLEAN_1,2,1,1.94,8
appts,UNIFORM_ALL_28,2,3,45.52,140
cagen,UNIFORM_ALL_26,2,1,0.0,107
pmedici,MCA_37,2,2,9.86,1341
appts,UNIFORM_BOOLEAN_44,2,1,11.44,6
pmedici,MCAC_31,2,2,300.12,0
appts,UNIFORM_BOOLEAN_11,2,1,13.17,6
cagen,BOOLC_8,2,1,0.0,8
iposolver,UNIFORM_BOOLEAN_2,2,1,0.0,11
pmedici,UNIFORM_ALL_2,2,2,6.04,606
cagen,MCAC_1,2,2,0.04,24
iposolver,UNIFORM_BOOLEAN_6,2,3,0.0,9
appts,UNIFORM_BOOLEAN_40,2,3,10.79,6
appts,UNIFORM_BOOLEAN_15,2,3,12.58,8
iposolver,UNIFORM_ALL_28,2,2,0.06,183
appts,BOOLC_28,2,1,13.83,7
cagen,MCA_38,2,2,0.02,2105
pmedici,UNIFORM_BOOLEAN_5,2,3,1.89,14
cagen,UNIFORM_ALL_22,2,3,0.01,361
appts,MCA_11,2,2,44.47,1935
appts,MCA_44,2,2,47.96,2450
pmedici,MCA_16,2,1,1.97,12
pmedici,MCA_43,2,1,16.21,2700
appts,BOOLC_9,2,3,17.0,9
pmedici,MCAC_10,2,1,14.58,1874
pmedici,BOOLC_24,2,1,1.94,18
appts,UNIFORM_BOOLEAN_30,2,2,12.75,7
pmedici,MCAC_45,2,1,8.39,1708
pmedici,UNIFORM_ALL_25,2,2,1.78,24
cagen,MCA_48,2,3,0.01,1312
pmedici,UNIFORM_BOOLEAN_26,2,3,1.74,12
appts,MCA_34,2,3,42.16,1680
appts,UNIFORM_ALL_9,2,2,64.07,107
cagen,MCA_19,2,1,0.01,1813
pmedici,UNIFORM_BOOLEAN_22,2,1,1.93,14
appts,MCA_30,2,1,11.99,12
pmedici,MCA_12,2,3,18.65,2516
pmedici,MCA_47,2,3,2.35,380
appts,MCAC_28,2,2,6.86,4
appts,MCAC_9,2,1,51.31,2200
pmedici,BOOLC_20,2,3,2.08,35
pmedici,MCAC_14,2,3,5.25,1047
pmedici,MCAC_41,2,3,45.97,3054
pmedici,MCA_11,2,1,9.45,1986
pmedici,MCA_44,2,1,20.95,3822
pmedici,BOOLC_23,2,1,1.92,22
pmedici,MCAC_17,2,1,1.89,44
appts,UNIFORM_BOOLEAN_37,2,2,13.45,8
pmedici,MCAC_42,2,1,63.63,1854
pmedici,UNIFORM_ALL_22,2,2,18.57,1186
iposolver,UNIFORM_BOOLEAN_38,2,2,0.0,9
appts,MCA_33,2,3,26.39,205
pmedici,UNIFORM_BOOLEAN_21,2,3,2.0,13
appts,MCA_37,2,1,35.21,975
pmedici,UNIFORM_BOOLEAN_25,2,1,1.87,4
pmedici,MCA_15,2,3,32.56,2940
pmedici,MCA_40,2,3,1.95,120
pmedici,MCAC_13,2,3,4.42,464
pmedici,BOOLC_27,2,3,1.89,33
pmedici,MCAC_46,2,3,300.09,0
pmedici,UNIFORM_ALL_40,2,3,10.98,910
appts,UNIFORM_ALL_39,2,1,216.67,385
pmedici,UNIFORM_ALL_15,2,3,1.9,16
cagen,UNIFORM_ALL_37,2,3,0.0,225
pmedici,UNIFORM_BOOLEAN_16,2,2,1.93,10
pmedici,UNIFORM_BOOLEAN_43,2,2,2.01,17
pmedici,BOOLC_5,2,3,2.01,25
cagen,UNIFORM_ALL_6,2,2,0.0,121
appts,MCAC_49,2,1,50.35,1421
appts,MCA_1,2,3,6.11,4
pmedici,BOOLC_1,2,1,1.92,34
cagen,MCAC_38,2,2,300.0,0
pmedici,MCA_22,2,2,1.91,120
pmedici,BOOLC_45,2,2,2.0,36
appts,MCA_5,2,1,44.19,1989
pmedici,BOOLC_10,2,2,1.88,34
pmedici,MCAC_24,2,2,12.13,1800
appts,MCAC_18,2,3,4.74,1
pmedici,UNIFORM_ALL_44,2,1,2.24,109
appts,BOOLC_39,2,3,11.89,6
pmedici,UNIFORM_ALL_11,2,1,2.96,324
cagen,UNIFORM_ALL_33,2,1,0.01,334
cagen,UNIFORM_BOOLEAN_48,2,3,0.0,10
pmedici,UNIFORM_ALL_47,2,3,8.24,709
pmedici,UNIFORM_ALL_12,2,3,1.84,17
pmedici,UNIFORM_BOOLEAN_11,2,2,1.89,13
pmedici,UNIFORM_BOOLEAN_44,2,2,1.92,16
cagen,UNIFORM_ALL_30,2,3,0.0,121
pmedici,BOOLC_2,2,3,1.96,30
pmedici,MCA_8,2,2,2.01,27
cagen,UNIFORM_ALL_1,2,2,0.02,727
cagen,BOOLC_49,2,3,0.0,5
appts,MCA_6,2,3,45.68,2200
pmedici,MCA_25,2,2,10.67,2317
pmedici,BOOLC_6,2,1,1.97,41
pmedici,BOOLC_42,2,2,2.06,37
appts,MCA_2,2,1,25.2,94
cagen,BOOLC_18,2,1,0.14,5
pmedici,MCAC_23,2,2,2.46,63
pmedici,BOOLC_17,2,2,2.06,41
iposolver,MCA_39,2,2,0.0,222
pmedici,UNIFORM_ALL_43,2,1,9.67,666
cagen,UNIFORM_BOOLEAN_19,2,1,0.0,10
pmedici,UNIFORM_ALL_16,2,1,1.93,13
cagen,UNIFORM_ALL_34,2,1,0.0,40
pmedici,BOOLC_32,2,3,1.95,38
cagen,UNIFORM_BOOLEAN_1,2,2,0.0,4
iposolver,MCA_49,2,3,0.08,1102
iposolver,UNIFORM_ALL_0,2,2,0.08,219
pmedici,UNIFORM_BOOLEAN_30,2,1,1.91,12
iposolver,MCA_8,2,3,0.0,20
appts,MCA_22,2,1,19.07,120
cagen,UNIFORM_BOOLEAN_38,2,2,0.0,10
pmedici,UNIFORM_ALL_37,2,2,1.98,225
iposolver,MCA_18,2,1,0.0,46
cagen,UNIFORM_ALL_40,2,2,0.01,289
cagen,UNIFORM_ALL_15,2,2,0.0,16
pmedici,UNIFORM_BOOLEAN_34,2,3,1.95,15
appts,MCA_26,2,3,49.98,2209
cagen,BOOLC_39,2,2,0.0,7
appts,UNIFORM_BOOLEAN_22,2,2,10.47,6
pmedici,BOOLC_36,2,1,1.88,42
cagen,MCAC_48,2,3,19.14,1641
pmedici,BOOLC_35,2,3,1.98,33
iposolver,UNIFORM_ALL_49,2,1,0.05,208
cagen,UNIFORM_BOOLEAN_6,2,2,0.0,10
iposolver,UNIFORM_ALL_7,2,2,0.01,38
appts,BOOLC_49,2,2,7.68,5
appts,UNIFORM_ALL_18,2,2,89.48,169
appts,MCA_25,2,1,44.63,1960
pmedici,UNIFORM_BOOLEAN_37,2,1,1.85,12
pmedici,UNIFORM_ALL_30,2,2,3.02,328
appts,MCA_21,2,3,41.92,1554
pmedici,UNIFORM_BOOLEAN_33,2,3,1.9,17
cagen,UNIFORM_ALL_47,2,2,0.01,417
cagen,UNIFORM_ALL_12,2,2,0.0,12
cagen,MCAC_19,2,1,0.02,345
iposolver,UNIFORM_ALL_18,2,3,0.07,216
appts,UNIFORM_BOOLEAN_25,2,2,6.22,4
pmedici,BOOLC_31,2,1,1.92,39
appts,UNIFORM_BOOLEAN_31,2,3,11.51,6
appts,BOOLC_8,2,2,12.24,6
appts,UNIFORM_ALL_8,2,3,55.33,346
appts,MCA_35,2,2,48.79,2162
pmedici,UNIFORM_BOOLEAN_27,2,2,1.95,18
cagen,MCA_49,2,2,0.01,1103
pmedici,UNIFORM_ALL_24,2,3,6.75,689
pmedici,UNIFORM_ALL_20,2,1,17.04,1282
pmedici,MCAC_40,2,2,1.97,95
pmedici,BOOLC_21,2,2,1.91,33
pmedici,MCAC_15,2,2,300.14,0
appts,UNIFORM_BOOLEAN_35,2,1,12.29,7
appts,MCAC_29,2,3,27.63,1891
pmedici,MCA_46,2,2,6.77,1041
pmedici,MCA_13,2,2,21.32,2293
appts,UNIFORM_BOOLEAN_36,2,3,15.1,8
pmedici,UNIFORM_BOOLEAN_20,2,2,1.89,16
appts,MCA_32,2,2,43.07,1628
iposolver,UNIFORM_BOOLEAN_39,2,3,0.0,11
pmedici,UNIFORM_ALL_23,2,3,7.92,838
cagen,UNIFORM_BOOLEAN_28,2,1,0.0,6
pmedici,UNIFORM_ALL_27,2,1,5.36,813
pmedici,MCAC_47,2,2,1.9,34
pmedici,MCAC_12,2,2,1.98,80
pmedici,BOOLC_26,2,2,1.92,31
cagen,BOOLC_29,2,1,0.0,7
appts,UNIFORM_BOOLEAN_32,2,1,6.21,4
pmedici,MCA_41,2,2,29.82,2448
pmedici,MCA_14,2,2,6.69,1609
appts,MCA_46,2,1,34.52,918
appts,MCA_13,2,1,44.39,1911
pmedici,MCAC_8,2,3,300.13,0
pmedici,MCAC_37,2,3,2.02,18
pmedici,UNIFORM_ALL_4,2,3,3.94,515
cagen,MCAC_3,2,1,0.0,98
pmedici,MCA_31,2,3,2.42,539
pmedici,UNIFORM_ALL_0,2,1,3.65,311
iposolver,UNIFORM_BOOLEAN_0,2,2,0.0,9
pmedici,MCAC_33,2,1,300.13,0
appts,UNIFORM_BOOLEAN_13,2,2,11.93,7
appts,UNIFORM_BOOLEAN_46,2,2,13.04,7
pmedici,MCA_35,2,1,17.33,2716
cagen,MCAC_7,2,3,0.0,46
cagen,UNIFORM_ALL_24,2,2,0.01,387
appts,MCA_42,2,3,35.53,1040
appts,MCA_17,2,3,29.81,480
iposolver,UNIFORM_BOOLEAN_49,2,2,0.0,11
iposolver,MCA_29,2,1,0.43,1922
pmedici,UNIFORM_BOOLEAN_3,2,2,1.91,12
appts,MCA_41,2,1,43.08,1813
appts,MCA_14,2,1,38.24,1540
appts,UNIFORM_ALL_29,2,2,121.34,259
pmedici,UNIFORM_ALL_3,2,3,3.07,336
pmedici,MCAC_30,2,3,72.35,4569
cagen,MCAC_4,2,1,0.02,1363
pmedici,MCA_36,2,3,12.82,2202
iposolver,UNIFORM_ALL_29,2,3,0.17,320
pmedici,MCAC_34,2,1,166.19,120
appts,UNIFORM_BOOLEAN_14,2,2,13.98,7
appts,UNIFORM_BOOLEAN_41,2,2,11.81,6
iposolver,UNIFORM_BOOLEAN_7,2,2,0.0,7
pmedici,UNIFORM_ALL_7,2,1,2.1,51
cagen,MCAC_28,2,1,0.0,4
pmedici,MCA_32,2,1,6.64,1695
cagen,MCAC_0,2,3,300.0,0
appts,MCA_45,2,3,10.89,6
appts,MCA_10,2,3,45.56,1850
cagen,UNIFORM_ALL_23,2,2,0.01,289
pmedici,UNIFORM_BOOLEAN_4,2,2,1.9,15
cagen,MCA_39,2,3,0.0,222
cagen,UNIFORM_BOOLEAN_0,2,3,0.0,8
appts,UNIFORM_BOOLEAN_27,2,1,11.58,6
pmedici,BOOLC_33,2,2,2.09,35
cagen,UNIFORM_ALL_10,2,1,0.0,9
cagen,UNIFORM_ALL_45,2,1,0.01,626
iposolver,MCA_9,2,2,0.4,2585
iposolver,UNIFORM_BOOLEAN_28,2,1,0.0,6
iposolver,UNIFORM_ALL_1,2,3,0.46,803
pmedici,UNIFORM_ALL_32,2,1,2.29,234
iposolver,MCA_48,2,2,0.03,1312
appts,UNIFORM_BOOLEAN_8,2,1,6.13,4
appts,MCA_27,2,2,32.89,705
pmedici,UNIFORM_BOOLEAN_35,2,2,1.94,21
cagen,UNIFORM_ALL_14,2,3,0.0,169
cagen,UNIFORM_ALL_41,2,3,0.0,23
pmedici,UNIFORM_ALL_36,2,3,3.0,417
iposolver,UNIFORM_ALL_5,2,1,0.01,158
cagen,UNIFORM_BOOLEAN_39,2,3,0.0,10
cagen,UNIFORM_BOOLEAN_4,2,1,0.0,8
appts,UNIFORM_BOOLEAN_23,2,3,13.19,8
cagen,BOOLC_38,2,3,0.0,9
cagen,UNIFORM_BOOLEAN_7,2,3,0.0,8
appts,UNIFORM_BOOLEAN_20,2,1,9.55,5
pmedici,BOOLC_34,2,2,2.05,37
cagen,MCAC_49,2,2,0.02,1429
cagen,UNIFORM_ALL_17,2,1,0.0,25
cagen,UNIFORM_ALL_42,2,1,0.0,256
appts,UNIFORM_ALL_19,2,3,44.94,65
appts,BOOLC_48,2,3,14.78,7
pmedici,UNIFORM_ALL_35,2,1,26.13,1300
iposolver,UNIFORM_ALL_6,2,3,0.0,151
cagen,UNIFORM_ALL_13,2,3,0.0,48
cagen,UNIFORM_ALL_46,2,3,0.0,12
pmedici,UNIFORM_BOOLEAN_32,2,2,1.96,10
appts,MCA_20,2,2,43.11,1680
appts,BOOLC_19,2,1,40.58,10
iposolver,UNIFORM_ALL_2,2,1,0.11,385
pmedici,UNIFORM_ALL_31,2,3,1.98,32
appts,UNIFORM_ALL_48,2,1,14.81,25
appts,MCAC_38,2,1,300.13,-1
cagen,UNIFORM_BOOLEAN_3,2,1,0.0,10
appts,UNIFORM_BOOLEAN_24,2,3,14.69,8
iposolver,UNIFORM_ALL_19,2,2,0.03,87
pmedici,UNIFORM_BOOLEAN_42,2,3,1.82,23
pmedici,UNIFORM_BOOLEAN_17,2,3,1.95,4
cagen,MCA_8,2,1,0.0,20
cagen,UNIFORM_ALL_36,2,2,0.0,169
pmedici,UNIFORM_ALL_14,2,2,2.51,339
pmedici,UNIFORM_ALL_41,2,2,1.94,28
appts,MCA_0,2,2,21.01,115
pmedici,MCAC_21,2,1,16.1,1068
pmedici,BOOLC_15,2,1,1.99,36
pmedici,BOOLC_40,2,1,1.93,36
cagen,UNIFORM_ALL_7,2,3,0.0,40
pmedici,BOOLC_4,2,2,2.09,37
pmedici,MCA_27,2,1,2.46,705
appts,MCAC_19,2,2,3.26,345
pmedici,BOOLC_11,2,3,1.85,14
pmedici,MCAC_25,2,3,300.07,0
iposolver,UNIFORM_ALL_38,2,1,0.01,401
pmedici,BOOLC_44,2,3,2.01,39
pmedici,MCA_23,2,3,3.14,924
cagen,MCAC_39,2,3,0.01,7
cagen,UNIFORM_ALL_3,2,1,0.0,121
pmedici,UNIFORM_BOOLEAN_46,2,1,1.81,10
pmedici,UNIFORM_BOOLEAN_13,2,1,1.75,13
appts,BOOLC_38,2,2,2.55,8
cagen,MCA_28,2,1,0.01,1300
cagen,UNIFORM_ALL_31,2,2,0.0,10
pmedici,UNIFORM_BOOLEAN_45,2,3,1.85,14
pmedici,UNIFORM_BOOLEAN_10,2,3,1.76,15
pmedici,UNIFORM_ALL_13,2,2,1.97,65
pmedici,UNIFORM_ALL_46,2,2,1.83,15
cagen,UNIFORM_BOOLEAN_49,2,2,0.0,12
appts,MCA_7,2,2,30.05,572
pmedici,BOOLC_12,2,1,2.02,32
pmedici,MCAC_26,2,1,9.29,2085
cagen,BOOLC_48,2,2,0.05,10
pmedici,BOOLC_47,2,1,2.01,39
pmedici,MCA_20,2,1,10.95,2140
cagen,UNIFORM_ALL_0,2,3,0.0,220
pmedici,MCA_9,2,3,56.89,4471
pmedici,BOOLC_3,2,2,2.06,35
pmedici,MCAC_22,2,3,163.55,2479
pmedici,BOOLC_16,2,3,2.03,32
pmedici,BOOLC_43,2,3,2.01,37
cagen,UNIFORM_ALL_4,2,1,0.0,308
pmedici,MCA_24,2,3,32.0,2807
pmedici,UNIFORM_BOOLEAN_41,2,1,1.83,10
pmedici,UNIFORM_BOOLEAN_14,2,1,1.9,22
iposolver,MCA_38,2,3,0.11,2166
pmedici,BOOLC_16,2,2,2.07,35
pmedici,MCAC_22,2,2,169.7,2549
cagen,BOOLC_19,2,1,247.42,15
appts,MCA_3,2,1,45.06,2100
pmedici,BOOLC_43,2,2,2.09,39
pmedici,BOOLC_7,2,1,2.03,35
pmedici,MCA_24,2,2,31.22,2804
cagen,UNIFORM_ALL_35,2,1,0.02,361
cagen,UNIFORM_BOOLEAN_18,2,1,0.0,8
pmedici,UNIFORM_ALL_17,2,1,1.88,45
iposolver,MCA_38,2,2,0.11,2166
pmedici,UNIFORM_ALL_42,2,1,1.9,256
cagen,UNIFORM_ALL_31,2,3,0.0,10
pmedici,UNIFORM_BOOLEAN_45,2,2,1.8,21
pmedici,UNIFORM_BOOLEAN_10,2,2,2.0,12
pmedici,UNIFORM_ALL_13,2,3,1.96,60
cagen,UNIFORM_BOOLEAN_49,2,3,0.0,12
pmedici,UNIFORM_ALL_46,2,3,1.91,18
appts,MCA_7,2,3,31.34,572
cagen,BOOLC_48,2,3,0.05,10
cagen,UNIFORM_ALL_0,2,2,0.0,220
pmedici,MCA_9,2,2,58.01,4408
pmedici,BOOLC_3,2,3,1.91,36
appts,MCAC_19,2,3,3.16,345
pmedici,MCAC_25,2,2,300.07,0
pmedici,BOOLC_11,2,2,1.84,14
appts,MCA_4,2,1,42.17,1599
pmedici,BOOLC_44,2,2,1.95,37
cagen,MCAC_39,2,2,0.01,7
pmedici,MCA_23,2,2,3.25,924
pmedici,BOOLC_0,2,1,2.04,41
cagen,UNIFORM_ALL_32,2,1,0.0,121
pmedici,UNIFORM_ALL_10,2,1,1.83,18
pmedici,UNIFORM_ALL_45,2,1,11.37,1157
appts,BOOLC_38,2,3,2.6,8
pmedici,UNIFORM_BOOLEAN_42,2,2,2.02,15
pmedici,UNIFORM_BOOLEAN_17,2,2,1.97,4
cagen,UNIFORM_ALL_36,2,3,0.0,169
pmedici,UNIFORM_ALL_14,2,3,2.63,327
appts,UNIFORM_ALL_38,2,1,29.18,361
pmedici,UNIFORM_ALL_41,2,3,1.85,29
appts,MCA_0,2,3,21.78,115
appts,MCAC_48,2,1,40.22,1636
cagen,UNIFORM_ALL_7,2,2,0.0,40
pmedici,BOOLC_4,2,3,1.98,39
cagen,UNIFORM_ALL_13,2,2,0.0,48
cagen,UNIFORM_ALL_46,2,2,0.0,12
appts,MCA_20,2,3,40.28,1680
pmedici,UNIFORM_BOOLEAN_32,2,3,1.95,8
pmedici,UNIFORM_ALL_31,2,2,1.9,15
iposolver,UNIFORM_ALL_19,2,3,0.02,87
pmedici,BOOLC_30,2,1,2.07,38
appts,UNIFORM_BOOLEAN_24,2,2,15.17,8
cagen,MCAC_18,2,1,0.01,1
iposolver,UNIFORM_ALL_48,2,1,0.0,32
cagen,UNIFORM_BOOLEAN_7,2,2,0.0,8
pmedici,BOOLC_34,2,3,2.13,36
cagen,MCAC_49,2,3,0.02,1429
appts,MCA_24,2,1,47.16,2064
pmedici,UNIFORM_BOOLEAN_36,2,1,1.94,13
appts,UNIFORM_ALL_19,2,2,34.83,65
iposolver,UNIFORM_ALL_6,2,2,0.0,151
appts,BOOLC_48,2,2,15.07,7
pmedici,UNIFORM_BOOLEAN_35,2,3,1.85,11
appts,MCA_27,2,3,32.37,705
cagen,UNIFORM_ALL_14,2,2,0.0,169
cagen,UNIFORM_ALL_41,2,2,0.0,23
iposolver,MCA_19,2,1,0.15,1894
cagen,UNIFORM_BOOLEAN_39,2,2,0.0,10
pmedici,UNIFORM_ALL_36,2,2,3.26,415
pmedici,BOOLC_37,2,1,2.01,2
cagen,BOOLC_38,2,2,0.0,9
appts,UNIFORM_BOOLEAN_23,2,2,13.18,8
cagen,UNIFORM_BOOLEAN_0,2,2,0.0,8
pmedici,BOOLC_33,2,3,2.02,38
pmedici,UNIFORM_BOOLEAN_31,2,1,1.79,19
appts,MCA_23,2,1,35.79,924
iposolver,MCA_9,2,3,0.4,2585
iposolver,MCA_48,2,3,0.03,1312
iposolver,UNIFORM_ALL_1,2,2,0.47,803
appts,UNIFORM_BOOLEAN_14,2,3,12.48,7
iposolver,UNIFORM_ALL_29,2,2,0.14,320
appts,UNIFORM_BOOLEAN_41,2,3,11.8,6
iposolver,UNIFORM_BOOLEAN_7,2,3,0.0,7
cagen,MCAC_0,2,2,300.0,0
appts,MCA_45,2,2,10.34,6
appts,MCA_10,2,2,42.28,1850
cagen,UNIFORM_ALL_23,2,3,0.01,289
pmedici,UNIFORM_BOOLEAN_4,2,3,1.93,10
appts,BOOLC_29,2,1,10.66,6
cagen,MCA_39,2,2,0.0,222
cagen,UNIFORM_ALL_27,2,1,0.0,462
appts,UNIFORM_ALL_29,2,3,183.5,258
pmedici,UNIFORM_BOOLEAN_0,2,1,1.81,25
pmedici,UNIFORM_ALL_3,2,2,3.01,343
iposolver,UNIFORM_BOOLEAN_3,2,1,0.0,9
cagen,BOOLC_9,2,1,0.06,13
appts,UNIFORM_BOOLEAN_10,2,1,13.31,8
pmedici,MCAC_30,2,2,59.51,4455
appts,UNIFORM_BOOLEAN_45,2,1,10.2,6
pmedici,MCA_36,2,2,13.61,2190
iposolver,UNIFORM_BOOLEAN_0,2,3,0.0,9
appts,UNIFORM_BOOLEAN_13,2,3,13.3,7
appts,UNIFORM_BOOLEAN_46,2,3,13.12,7
cagen,MCAC_7,2,2,0.0,46
cagen,UNIFORM_ALL_24,2,3,0.01,387
appts,MCA_42,2,2,34.65,1040
appts,MCA_17,2,2,30.32,480
iposolver,UNIFORM_BOOLEAN_49,2,3,0.0,11
pmedici,UNIFORM_BOOLEAN_3,2,3,1.92,27
iposolver,UNIFORM_BOOLEAN_18,2,1,0.0,7
cagen,UNIFORM_ALL_20,2,1,0.02,678
pmedici,UNIFORM_BOOLEAN_7,2,1,1.8,22
pmedici,MCAC_8,2,2,300.12,0
appts,UNIFORM_BOOLEAN_17,2,1,5.97,4
pmedici,MCAC_37,2,2,2.19,20
appts,UNIFORM_BOOLEAN_42,2,1,14.19,8
iposolver,UNIFORM_BOOLEAN_4,2,1,0.0,9
pmedici,UNIFORM_ALL_4,2,2,3.79,523
pmedici,MCA_31,2,2,2.24,539
appts,MCA_36,2,1,41.02,1776
pmedici,UNIFORM_BOOLEAN_24,2,1,1.87,19
pmedici,MCAC_47,2,3,1.98,33
pmedici,BOOLC_26,2,3,1.93,29
pmedici,MCAC_12,2,3,1.98,82
pmedici,MCA_41,2,3,32.04,2475
pmedici,MCA_14,2,3,6.5,1603
pmedici,MCAC_43,2,1,300.13,0
appts,UNIFORM_BOOLEAN_36,2,2,14.75,8
pmedici,MCAC_16,2,1,114.71,5551
pmedici,BOOLC_22,2,1,1.94,37
pmedici,MCA_45,2,1,1.92,12
pmedici,MCA_10,2,1,10.85,2362
appts,MCA_32,2,3,41.61,1628
pmedici,UNIFORM_BOOLEAN_20,2,3,1.79,13
iposolver,UNIFORM_BOOLEAN_39,2,2,0.0,11
pmedici,UNIFORM_ALL_23,2,2,8.6,851
pmedici,UNIFORM_BOOLEAN_23,2,1,1.93,15
appts,MCA_31,2,1,30.34,539
cagen,MCA_18,2,1,0.0,46
pmedici,MCAC_40,2,3,1.93,90
pmedici,MCAC_15,2,3,300.11,0
pmedici,BOOLC_21,2,3,1.95,30
appts,MCAC_8,2,1,104.55,1435
appts,MCAC_29,2,2,25.73,1891
pmedici,MCA_46,2,3,6.63,1061
pmedici,MCA_13,2,3,21.73,2324
pmedici,MCAC_44,2,1,1.82,86
appts,UNIFORM_BOOLEAN_31,2,2,12.89,6
pmedici,BOOLC_25,2,1,1.93,35
pmedici,MCAC_11,2,1,2.65,135
pmedici,MCA_42,2,1,8.89,1092
appts,BOOLC_8,2,3,12.09,6
pmedici,MCA_17,2,1,3.14,504
appts,UNIFORM_ALL_8,2,2,35.39,348
pmedici,UNIFORM_BOOLEAN_27,2,3,1.88,20
appts,MCA_35,2,3,47.51,2162
cagen,MCA_49,2,3,0.01,1103
pmedici,UNIFORM_ALL_24,2,2,6.51,690
appts,UNIFORM_ALL_49,2,1,116.09,161
pmedici,UNIFORM_ALL_30,2,3,2.85,329
iposolver,UNIFORM_ALL_3,2,1,0.03,219
appts,BOOLC_18,2,1,9.57,5
pmedici,UNIFORM_BOOLEAN_33,2,2,1.93,28
appts,MCA_21,2,2,40.47,1554
cagen,UNIFORM_ALL_47,2,3,0.01,417
cagen,UNIFORM_ALL_12,2,3,0.0,12
appts,UNIFORM_BOOLEAN_25,2,3,6.74,4
iposolver,UNIFORM_ALL_18,2,2,0.07,216
cagen,UNIFORM_BOOLEAN_2,2,1,0.0,10
appts,MCAC_39,2,1,3.15,7
cagen,MCAC_48,2,2,19.14,1641
pmedici,BOOLC_35,2,2,1.84,33
appts,UNIFORM_BOOLEAN_21,2,1,11.06,6
cagen,UNIFORM_BOOLEAN_6,2,3,0.0,10
appts,BOOLC_49,2,3,7.74,5
iposolver,UNIFORM_ALL_7,2,3,0.01,38
pmedici,UNIFORM_ALL_34,2,1,1.9,40
appts,UNIFORM_ALL_18,2,3,85.79,169
cagen,UNIFORM_ALL_43,2,1,0.01,405
cagen,UNIFORM_ALL_16,2,1,0.0,12
iposolver,UNIFORM_ALL_4,2,1,0.04,321
pmedici,UNIFORM_ALL_37,2,3,2.03,225
cagen,UNIFORM_BOOLEAN_38,2,3,0.0,10
cagen,UNIFORM_ALL_40,2,3,0.01,289
cagen,UNIFORM_ALL_15,2,3,0.0,16
appts,MCA_26,2,2,48.18,2209
pmedici,UNIFORM_BOOLEAN_34,2,2,1.96,15
appts,UNIFORM_BOOLEAN_22,2,3,10.09,6
cagen,BOOLC_39,2,3,0.0,7
cagen,UNIFORM_BOOLEAN_5,2,1,0.0,10
pmedici,BOOLC_32,2,2,2.08,38
appts,UNIFORM_BOOLEAN_26,2,1,11.95,6
cagen,UNIFORM_BOOLEAN_1,2,3,0.0,4
appts,UNIFORM_BOOLEAN_9,2,1,7.14,4
pmedici,UNIFORM_ALL_33,2,1,5.22,575
iposolver,UNIFORM_ALL_0,2,3,0.06,219
iposolver,MCA_49,2,2,0.11,1102
iposolver,UNIFORM_BOOLEAN_29,2,1,0.0,4
iposolver,MCA_8,2,2,0.0,20
cagen,UNIFORM_ALL_44,2,1,0.0,78
cagen,UNIFORM_ALL_11,2,1,0.0,121
pmedici,MCA_25,2,3,10.1,2295
cagen,UNIFORM_ALL_5,2,1,0.0,147
pmedici,BOOLC_42,2,3,1.98,37
pmedici,BOOLC_17,2,3,1.96,38
pmedici,MCAC_23,2,3,2.39,59
iposolver,MCA_39,2,3,0.01,222
pmedici,UNIFORM_BOOLEAN_15,2,1,1.95,12
pmedici,UNIFORM_BOOLEAN_40,2,1,1.95,16
pmedici,UNIFORM_ALL_47,2,2,9.2,727
cagen,UNIFORM_BOOLEAN_48,2,2,0.0,10
pmedici,UNIFORM_ALL_12,2,2,2.02,20
pmedici,UNIFORM_BOOLEAN_11,2,3,1.9,11
pmedici,UNIFORM_BOOLEAN_44,2,3,1.87,21
cagen,UNIFORM_ALL_30,2,2,0.0,121
pmedici,BOOLC_2,2,2,1.89,35
pmedici,MCA_8,2,3,1.86,23
cagen,UNIFORM_ALL_1,2,3,0.02,727
pmedici,MCA_21,2,1,30.24,2388
pmedici,BOOLC_46,2,1,2.01,38
cagen,BOOLC_49,2,2,0.0,5
pmedici,MCAC_27,2,1,3.05,212
pmedici,BOOLC_13,2,1,2.07,37
appts,MCA_6,2,2,45.12,2200
cagen,UNIFORM_ALL_2,2,1,0.01,352
pmedici,MCA_22,2,3,1.97,120
cagen,MCAC_38,2,3,300.0,0
pmedici,BOOLC_45,2,3,2.04,36
pmedici,MCAC_24,2,3,11.41,1754
pmedici,BOOLC_10,2,3,1.95,37
iposolver,UNIFORM_ALL_39,2,1,0.2,471
appts,MCAC_18,2,2,5.02,1
appts,BOOLC_39,2,2,11.71,6
cagen,MCA_29,2,1,0.03,1934
pmedici,UNIFORM_BOOLEAN_12,2,1,1.88,18
pmedici,UNIFORM_BOOLEAN_47,2,1,1.98,12
pmedici,UNIFORM_ALL_40,2,2,10.85,897
pmedici,UNIFORM_ALL_15,2,2,1.86,16
cagen,UNIFORM_ALL_37,2,2,0.0,225
cagen,MCA_9,2,1,0.03,2350
pmedici,UNIFORM_BOOLEAN_16,2,3,1.86,12
pmedici,UNIFORM_BOOLEAN_43,2,3,1.98,11
pmedici,MCA_26,2,1,56.39,4226
pmedici,BOOLC_5,2,2,1.95,23
cagen,UNIFORM_ALL_6,2,3,0.0,121
pmedici,BOOLC_41,2,1,1.99,28
pmedici,BOOLC_14,2,1,1.91,33
pmedici,MCAC_20,2,1,1.96,7
appts,MCA_1,2,2,6.23,4
cagen,UNIFORM_BOOLEAN_29,2,1,0.0,4
pmedici,UNIFORM_ALL_26,2,1,2.26,188
pmedici,MCA_15,2,2,33.95,3012
pmedici,MCA_40,2,2,1.94,120
cagen,BOOLC_28,2,1,0.0,10
appts,UNIFORM_BOOLEAN_33,2,1,12.9,8
pmedici,BOOLC_27,2,2,1.83,35
pmedici,MCAC_13,2,2,4.54,476
pmedici,MCAC_46,2,2,300.11,0
appts,UNIFORM_BOOLEAN_37,2,3,12.81,8
pmedici,UNIFORM_ALL_22,2,3,19.33,1224
iposolver,UNIFORM_BOOLEAN_38,2,3,0.0,9
pmedici,UNIFORM_BOOLEAN_21,2,2,1.99,11
appts,MCA_33,2,2,26.3,205
pmedici,UNIFORM_ALL_21,2,1,2.27,251
pmedici,MCA_12,2,2,19.76,2677
pmedici,MCA_47,2,2,2.24,379
appts,MCAC_28,2,3,6.64,4
appts,UNIFORM_BOOLEAN_34,2,1,13.17,8
pmedici,MCAC_14,2,2,5.36,1066
pmedici,BOOLC_20,2,2,2.01,36
pmedici,MCAC_41,2,2,43.16,3113
appts,BOOLC_9,2,2,13.81,9
appts,UNIFORM_BOOLEAN_30,2,3,13.19,7
pmedici,UNIFORM_ALL_25,2,3,1.93,25
cagen,MCA_48,2,2,0.01,1312
appts,MCA_34,2,2,42.05,1680
pmedici,UNIFORM_BOOLEAN_26,2,2,1.78,18
appts,UNIFORM_ALL_9,2,3,53.14,107
cagen,MCAC_29,2,1,300.0,0
cagen,MCAC_1,2,3,0.04,24
pmedici,MCA_33,2,1,1.87,205
pmedici,UNIFORM_ALL_6,2,1,2.13,203
iposolver,UNIFORM_BOOLEAN_6,2,2,0.0,9
appts,UNIFORM_BOOLEAN_40,2,2,10.69,6
iposolver,UNIFORM_ALL_28,2,3,0.06,183
appts,UNIFORM_BOOLEAN_15,2,2,13.35,8
pmedici,MCAC_35,2,1,300.14,0
cagen,MCA_38,2,3,0.01,2105
pmedici,UNIFORM_BOOLEAN_5,2,2,1.99,18
cagen,UNIFORM_ALL_22,2,2,0.01,361
appts,MCA_11,2,3,40.83,1935
appts,MCA_44,2,3,46.53,2450
appts,UNIFORM_ALL_28,2,2,45.46,140
appts,MCA_15,2,1,46.26,1980
appts,MCA_40,2,1,25.1,120
pmedici,MCA_37,2,3,10.23,1359
cagen,MCAC_5,2,1,61.61,2172
pmedici,MCAC_31,2,3,300.11,0
pmedici,UNIFORM_ALL_2,2,3,6.3,596
cagen,MCAC_6,2,3,30.26,718
pmedici,MCA_34,2,1,8.97,1883
appts,UNIFORM_BOOLEAN_47,2,2,11.72,6
appts,UNIFORM_BOOLEAN_12,2,2,13.98,7
pmedici,MCAC_32,2,1,84.55,292
iposolver,UNIFORM_BOOLEAN_1,2,2,0.0,4
pmedici,UNIFORM_ALL_1,2,1,23.04,1384
pmedici,UNIFORM_BOOLEAN_2,2,2,1.93,14
iposolver,MCA_28,2,1,0.03,1318
iposolver,UNIFORM_BOOLEAN_48,2,2,0.0,9
appts,MCA_16,2,3,6.71,4
appts,MCA_43,2,3,41.59,1880
cagen,UNIFORM_ALL_25,2,2,0.0,15
pmedici,MCAC_9,2,3,8.74,2322
appts,MCA_12,2,1,40.12,1596
appts,MCA_47,2,1,28.65,378
pmedici,MCA_30,2,3,1.89,12
cagen,MCAC_2,2,1,0.02,1664
pmedici,UNIFORM_ALL_5,2,3,2.27,229
pmedici,MCAC_36,2,3,62.75,1813
